Course,Average Grade,PrerequisiteNumber,0,1,2,3,4,5,6,7,8,9
AAS 100,0.34499999999999975,0.0,,,,,,,,,,
AAS 246,0.20999999999999996,0.0,,,,,,,,,,
AAS 287,0.20999999999999996,2.0,AAS 100,AAS 120,,,,,,,,
AAS 370,0.9700000000000002,0.0,,,,,,,,,,
ABE 100,0.25,0.0,,,,,,,,,,
ABE 199,0.040000000000000036,0.0,,,,,,,,,,
ABE 223,0.6000000000000001,3.0,MATH 220,MATH 221,MATH 234,,,,,,,
ABE 224,0.41000000000000014,3.0,MATH 220,MATH 221,MATH 234,,,,,,,
ABE 430,0.16999999999999993,0.0,,,,,,,,,,
ABE 436,0.6349999999999998,1.0,PHYS 211,,,,,,,,,
ABE 488,0.20999999999999996,2.0,CHBE 321,TAM 335,,,,,,,,
ABE 498,0.08999999999999986,0.0,,,,,,,,,,
ACCY 200,0.8399999999999999,0.0,,,,,,,,,,
ACCY 201,1.182,5.0,ACCY 201,ECON 102,ECON 103,ECON 102,ECON 103,,,,,
ACCY 202,0.7999999999999998,1.0,ACCY 201,,,,,,,,,
ACCY 301,0.6887500000000002,2.0,ACCY 202,ACCY 302,,,,,,,,
ACCY 302,0.6385714285714283,3.0,ACCY 202,BADM 210,ACCY 301,,,,,,,
ACCY 303,0.7171428571428571,2.0,ACCY 301,FIN 221,,,,,,,,
ACCY 304,0.6499999999999999,2.0,ACCY 301,ACCY 302,,,,,,,,
ACCY 312,0.6685714285714286,1.0,ACCY 202,,,,,,,,,
ACCY 410,0.6340000000000003,1.0,ACCY 303,,,,,,,,,
ACCY 415,0.7599999999999998,1.0,ACCY 304,,,,,,,,,
ACCY 451,0.5759999999999996,1.0,ACCY 312,,,,,,,,,
ACCY 500,0.46399999999999997,0.0,,,,,,,,,,
ACCY 501,0.5299999999999998,0.0,,,,,,,,,,
ACCY 502,0.3933333333333331,1.0,ACCY 501,,,,,,,,,
ACCY 504,0.5800000000000001,1.0,ACCY 502,,,,,,,,,
ACCY 505,0.5375000000000001,0.0,,,,,,,,,,
ACCY 506,0.6600000000000001,2.0,ACCY 501,ACCY 502,,,,,,,,
ACCY 510,0.30600000000000005,1.0,ACCY 410,,,,,,,,,
ACCY 512,0.206666666666667,0.0,,,,,,,,,,
ACCY 515,0.5566666666666666,1.0,ACCY 405,,,,,,,,,
ACCY 517,0.395,3.0,ACCY 410,ACCY 500,ACCY 502,,,,,,,
ACCY 518,0.029999999999999805,0.0,,,,,,,,,,
ACCY 551,0.585,2.0,ACCY 451,ACCY 556,,,,,,,,
ACCY 556,0.5549999999999997,1.0,ACCY 451,,,,,,,,,
ACCY 569,0.54,0.0,,,,,,,,,,
ACCY 570,0.06999999999999984,0.0,,,,,,,,,,
ACE 100,0.9580000000000002,0.0,,,,,,,,,,
ACE 161,0.4979999999999998,0.0,,,,,,,,,,
ACE 199,0.75,0.0,,,,,,,,,,
ACE 210,0.6600000000000001,0.0,,,,,,,,,,
ACE 222,1.1600000000000001,0.0,,,,,,,,,,
ACE 240,0.5099999999999998,0.0,,,,,,,,,,
ACE 251,0.6699999999999999,2.0,ACE 100,ECON 102,,,,,,,,
ACE 261,0.5099999999999998,2.0,MATH 124,MATH 125,,,,,,,,
ACE 306,0.8300000000000001,0.0,,,,,,,,,,
ACE 341,0.37250000000000005,0.0,,,,,,,,,,
ACE 345,0.56,1.0,ACCY 201,,,,,,,,,
ACE 346,0.6499999999999999,0.0,,,,,,,,,,
ACE 360,0.3500000000000001,5.0,ACE 100,ACE 161,CS 105,ACE 261,ECON 203,,,,,
ACE 398,0.40333333333333377,0.0,,,,,,,,,,
ACE 406,0.77,3.0,ACE 403,BADM 300,BADM 301,,,,,,,
ACE 411,0.3599999999999999,1.0,ECON 302,,,,,,,,,
ACE 427,0.3049999999999997,3.0,ACE 100,ECON 102,ACE 261,,,,,,,
ACE 428,0.79,2.0,ACE 222,FIN 300,,,,,,,,
ACE 432,1.23,2.0,ACE 232,ACE 360,,,,,,,,
ACE 435,0.75,3.0,ACE 231,ACE 222,BADM 320,,,,,,,
ACE 444,0.4900000000000002,4.0,ACE 240,ACE 345,FIN 221,ECON 302,,,,,,
ACE 445,0.3849999999999998,3.0,ACE 240,ECON 302,FIN 230,,,,,,,
ACE 455,0.6499999999999999,1.0,ECON 302,,,,,,,,,
ACE 562,0.3599999999999999,4.0,ACE 261,MATH 220,MATH 221,MATH 234,,,,,,
ACE 564,0.27,1.0,ACE 562,,,,,,,,,
ACE 592,0.71,0.0,,,,,,,,,,
ACES 101,0.1635714285714287,0.0,,,,,,,,,,
ACES 102,0.3900000000000001,0.0,,,,,,,,,,
ACES 179,0.98,0.0,,,,,,,,,,
ACES 199,1.0099999999999998,0.0,,,,,,,,,,
ADV 150,0.4349999999999996,0.0,,,,,,,,,,
ADV 270,0.54,0.0,,,,,,,,,,
ADV 281,0.8725,2.0,ADV 150,STAT 100,,,,,,,,
ADV 283,0.16666666666666652,2.0,ADV 150,ADV 281,,,,,,,,
ADV 284,0.5133333333333332,1.0,ADV 281,,,,,,,,,
ADV 305,0.3999999999999999,1.0,ADV 150,,,,,,,,,
ADV 310,0.9400000000000004,0.0,,,,,,,,,,
ADV 311,0.6000000000000001,0.0,,,,,,,,,,
ADV 320,0.3999999999999999,1.0,ADV 270,,,,,,,,,
ADV 370,0.81,1.0,ADV 270,,,,,,,,,
ADV 390,0.9300000000000002,1.0,ADV 284,,,,,,,,,
ADV 393,0.5099999999999998,0.0,,,,,,,,,,
ADV 409,0.3700000000000001,0.0,,,,,,,,,,
ADV 410,0.46499999999999986,1.0,ADV 310,,,,,,,,,
ADV 460,0.8800000000000003,2.0,ADV 283,ADV 284,,,,,,,,
ADV 483,0.4349999999999996,2.0,ADV 283,ADV 284,,,,,,,,
ADV 498,0.1333333333333333,3.0,ADV 283,ADV 390,ADV 460,,,,,,,
AE 100,0.1566666666666663,0.0,,,,,,,,,,
AE 199,0.28749999999999964,0.0,,,,,,,,,,
AE 202,0.7599999999999998,1.0,TAM 212,,,,,,,,,
AE 311,1.1099999999999999,2.0,AE 202,MATH 241,,,,,,,,
AE 312,0.5299999999999998,2.0,AE 202,MATH 285,,,,,,,,
AE 321,1.8199999999999998,2.0,MATH 285,TAM 210,,,,,,,,
AE 323,1.0299999999999998,4.0,AE 321,MATH 241,MATH 285,TAM 210,,,,,,
AE 352,0.8300000000000001,3.0,MATH 225,MATH 285,TAM 212,,,,,,,
AE 353,1.1,3.0,MATH 225,MATH 285,TAM 212,,,,,,,
AE 402,1.06,1.0,AE 202,,,,,,,,,
AE 416,0.71,1.0,AE 311,,,,,,,,,
AE 433,1.35,2.0,AE 312,PHYS 212,,,,,,,,
AE 442,0.8300000000000001,3.0,AE 311,AE 323,AE 352,,,,,,,
AE 460,0.3700000000000001,2.0,AE 311,AE 433,,,,,,,,
AE 483,0.18000000000000016,6.0,AE 202,AE 352,AE 353,AE 370,IE 300,PHYS 212,,,,
AFRO 100,0.6100000000000003,0.0,,,,,,,,,,
AFRO 101,1.85,0.0,,,,,,,,,,
AFRO 105,0.41000000000000014,0.0,,,,,,,,,,
AFRO 243,0.7400000000000002,0.0,,,,,,,,,,
AFRO 261,0.8799999999999999,0.0,,,,,,,,,,
AFRO 378,0.3799999999999999,0.0,,,,,,,,,,
AFRO 411,0.79,1.0,AFRO 100,,,,,,,,,
AFST 210,0.52,0.0,,,,,,,,,,
AGCM 110,0.41999999999999993,0.0,,,,,,,,,,
AGCM 220,0.6699999999999999,0.0,,,,,,,,,,
AGED 140,0.6400000000000001,0.0,,,,,,,,,,
AGED 230,0.41000000000000014,0.0,,,,,,,,,,
AGED 260,0.5699999999999998,0.0,,,,,,,,,,
AGED 340,0.6499999999999999,1.0,AGED 260,,,,,,,,,
AGED 380,0.31000000000000005,1.0,AGED 260,,,,,,,,,
AGED 499,0.2599999999999998,0.0,,,,,,,,,,
AGED 550,0.43999999999999995,0.0,,,,,,,,,,
AGED 551,0.31999999999999984,0.0,,,,,,,,,,
AHS 199,0.4900000000000002,0.0,,,,,,,,,,
AHS 494,0.6699999999999999,0.0,,,,,,,,,,
AIS 101,0.7349999999999999,0.0,,,,,,,,,,
AIS 285,0.81,0.0,,,,,,,,,,
ANSC 100,0.5299999999999998,0.0,,,,,,,,,,
ANSC 103,0.040000000000000036,1.0,ANSC 100,,,,,,,,,
ANSC 110,0.3500000000000001,0.0,,,,,,,,,,
ANSC 199,0.3599999999999999,0.0,,,,,,,,,,
ANSC 205,0.33000000000000007,0.0,,,,,,,,,,
ANSC 206,0.3799999999999999,0.0,,,,,,,,,,
ANSC 207,0.645,0.0,,,,,,,,,,
ANSC 221,1.67,2.0,ANSC 100,CHEM 102,,,,,,,,
ANSC 222,1.56,1.0,ANSC 100,,,,,,,,,
ANSC 250,0.3700000000000001,0.0,,,,,,,,,,
ANSC 251,1.44,0.0,,,,,,,,,,
ANSC 298,0.08999999999999986,0.0,,,,,,,,,,
ANSC 305,0.31999999999999984,0.0,,,,,,,,,,
ANSC 307,1.12,0.0,,,,,,,,,,
ANSC 309,0.31000000000000005,0.0,,,,,,,,,,
ANSC 350,0.8700000000000001,3.0,CHEM 104,CHEM 105,ANSC 221,,,,,,,
ANSC 401,0.3700000000000001,1.0,ANSC 223,,,,,,,,,
ANSC 420,0.9300000000000002,1.0,ANSC 223,,,,,,,,,
ANSC 422,0.6550000000000002,1.0,ANSC 223,,,,,,,,,
ANSC 431,0.6000000000000001,1.0,ANSC 224,,,,,,,,,
ANSC 445,0.1499999999999999,1.0,CPSC 440,,,,,,,,,
ANSC 452,0.4500000000000002,4.0,ANSC 221,ANSC 222,ANSC 223,ANSC 224,,,,,,
ANSC 498,0.27,9.0,ANSC 293,ANSC 294,ANSC 295,ANSC 299,ANSC 396,ANSC 398,ACES 293,ACES 298,ACES 299,
ANSC 499,0.48,0.0,,,,,,,,,,
ANTH 101,0.8999999999999999,0.0,,,,,,,,,,
ANTH 103,0.5800000000000001,0.0,,,,,,,,,,
ANTH 104,0.27,0.0,,,,,,,,,,
ANTH 105,0.43999999999999995,0.0,,,,,,,,,,
ANTH 143,0.5990000000000002,0.0,,,,,,,,,,
ANTH 180,0.81,0.0,,,,,,,,,,
ANTH 246,0.41999999999999993,0.0,,,,,,,,,,
ANTH 268,0.7999999999999998,0.0,,,,,,,,,,
ANTH 375,0.45999999999999996,0.0,,,,,,,,,,
ANTH 441,0.2999999999999998,1.0,ANTH 102,,,,,,,,,
ANTH 498,0.33000000000000007,0.0,,,,,,,,,,
ARAB 150,0.3700000000000001,0.0,,,,,,,,,,
ARCH 171,0.75,0.0,,,,,,,,,,
ARCH 210,1.1600000000000001,0.0,,,,,,,,,,
ARCH 231,0.6400000000000001,0.0,,,,,,,,,,
ARCH 273,1.17,0.0,,,,,,,,,,
ARCH 321,0.6299999999999999,0.0,,,,,,,,,,
ARCH 409,0.6600000000000001,1.0,ARCH 210,,,,,,,,,
ARCH 417,0.8999999999999999,2.0,ARCH 210,ARTH 112,,,,,,,,
ARCH 433,0.6800000000000002,1.0,ARCH 232,,,,,,,,,
ARCH 451,0.6749999999999998,1.0,ARCH 352,,,,,,,,,
ARCH 468,0.5800000000000001,0.0,,,,,,,,,,
ARCH 476,0.6499999999999999,1.0,ARCH 475,,,,,,,,,
ARCH 536,1.0499999999999998,2.0,ARCH 232,ARCH 433,,,,,,,,
ARCH 537,0.5699999999999998,1.0,ARCH 434,,,,,,,,,
ARCH 577,0.7599999999999998,1.0,ARCH 517,,,,,,,,,
ART 310,0.31999999999999984,0.0,,,,,,,,,,
ARTD 225,0.2200000000000002,2.0,ARTD 201,ARTD 202,,,,,,,,
ARTD 251,0.5800000000000001,0.0,,,,,,,,,,
ARTD 301,0.41999999999999993,1.0,ARTD 202,,,,,,,,,
ARTD 328,0.6400000000000001,0.0,,,,,,,,,,
ARTD 351,0.3825000000000003,0.0,,,,,,,,,,
ARTD 371,0.3650000000000002,2.0,ARTD 207,ARTD 333,,,,,,,,
ARTD 426,0.4700000000000002,0.0,,,,,,,,,,
ARTE 202,0.16999999999999993,0.0,,,,,,,,,,
ARTF 101,1.0699999999999998,0.0,,,,,,,,,,
ARTH 211,0.6800000000000002,0.0,,,,,,,,,,
ARTH 242,0.31999999999999984,0.0,,,,,,,,,,
ARTH 250,0.6499999999999999,0.0,,,,,,,,,,
ARTH 360,0.6800000000000002,0.0,,,,,,,,,,
ARTH 402,0.41999999999999993,1.0,ARTH 114,,,,,,,,,
ASRM 199,0.3599999999999999,0.0,,,,,,,,,,
ASRM 210,1.5,1.0,MATH 231,,,,,,,,,
ASRM 406,0.6800000000000002,4.0,MATH 241,ASRM 210,MATH 210,FIN 221,,,,,,
ASRM 410,0.96,2.0,ASRM 402,STAT 410,,,,,,,,
ASRM 461,0.7000000000000002,7.0,ASRM 401,MATH 408,MATH 461,MATH 463,ASRM 402,MATH 409,MATH 464,,,
ASRM 471,0.5,4.0,ASRM 401,MATH 408,ASRM 210,MATH 210,,,,,,
ASTR 100,0.7400000000000002,0.0,,,,,,,,,,
ASTR 121,0.7400000000000002,0.0,,,,,,,,,,
ASTR 122,0.81,0.0,,,,,,,,,,
ASTR 150,0.5699999999999998,0.0,,,,,,,,,,
ASTR 210,0.98,1.0,PHYS 211,,,,,,,,,
ASTR 350,0.3799999999999999,4.0,ASTR 100,ASTR 121,ASTR 122,ASTR 210,,,,,,
ASTR 404,0.41999999999999993,1.0,PHYS 212,,,,,,,,,
ASTR 406,1.23,1.0,PHYS 212,,,,,,,,,
ATMS 100,0.6800000000000002,0.0,,,,,,,,,,
ATMS 120,0.8700000000000001,0.0,,,,,,,,,,
ATMS 140,0.7400000000000002,0.0,,,,,,,,,,
ATMS 201,0.6200000000000001,4.0,MATH 220,MATH 221,MATH 231,PHYS 211,,,,,,
ATMS 301,0.54,3.0,ATMS 201,MATH 241,PHYS 211,,,,,,,
ATMS 302,1.3199999999999998,3.0,ATMS 201,MATH 241,PHYS 211,,,,,,,
ATMS 303,1.17,2.0,ATMS 201,MATH 241,,,,,,,,
ATMS 322,0.6400000000000001,0.0,,,,,,,,,,
ATMS 421,0.3799999999999999,0.0,,,,,,,,,,
BADM 199,0.16000000000000014,0.0,,,,,,,,,,
BADM 210,0.543333333333333,0.0,,,,,,,,,,
BADM 261,0.040000000000000036,0.0,,,,,,,,,,
BADM 275,0.48,0.0,,,,,,,,,,
BADM 300,0.6766666666666663,0.0,,,,,,,,,,
BADM 310,0.71,0.0,,,,,,,,,,
BADM 311,0.09999999999999964,1.0,BADM 310,,,,,,,,,
BADM 312,0.23499999999999988,1.0,BADM 310,,,,,,,,,
BADM 313,0.43000000000000016,1.0,BADM 310,,,,,,,,,
BADM 314,0.33000000000000007,0.0,,,,,,,,,,
BADM 320,0.1200000000000001,0.0,,,,,,,,,,
BADM 321,0.04999999999999982,1.0,BADM 320,,,,,,,,,
BADM 322,0.10666666666666691,1.0,BADM 320,,,,,,,,,
BADM 323,0.5549999999999997,1.0,BADM 320,,,,,,,,,
BADM 324,0.2999999999999998,1.0,BADM 320,,,,,,,,,
BADM 325,0.14000000000000012,1.0,BADM 320,,,,,,,,,
BADM 326,0.16999999999999993,1.0,BADM 320,,,,,,,,,
BADM 327,0.029999999999999805,1.0,BADM 320,,,,,,,,,
BADM 329,0.18000000000000016,1.0,BADM 320,,,,,,,,,
BADM 330,0.10000000000000009,1.0,BADM 320,,,,,,,,,
BADM 335,0.54,0.0,,,,,,,,,,
BADM 336,0.10000000000000009,1.0,BADM 335,,,,,,,,,
BADM 350,0.3799999999999999,0.0,,,,,,,,,,
BADM 351,0.18000000000000016,1.0,BADM 350,,,,,,,,,
BADM 352,0.08999999999999986,0.0,,,,,,,,,,
BADM 353,0.4900000000000002,1.0,BADM 350,,,,,,,,,
BADM 356,0.1499999999999999,0.0,,,,,,,,,,
BADM 367,0.3700000000000001,0.0,,,,,,,,,,
BADM 374,0.6150000000000002,2.0,ECON 203,BADM 210,,,,,,,,
BADM 375,0.3899999999999997,0.0,,,,,,,,,,
BADM 377,0.31000000000000005,0.0,,,,,,,,,,
BADM 378,0.8399999999999999,0.0,,,,,,,,,,
BADM 380,0.20333333333333314,0.0,,,,,,,,,,
BADM 381,0.27,0.0,,,,,,,,,,
BADM 403,0.06000000000000005,0.0,,,,,,,,,,
BADM 446,0.6499999999999999,0.0,,,,,,,,,,
BADM 449,0.23500000000000032,0.0,,,,,,,,,,
BADM 453,0.10000000000000009,0.0,,,,,,,,,,
BADM 460,0.04999999999999982,1.0,BADM 367,,,,,,,,,
BADM 508,0.5774999999999997,0.0,,,,,,,,,,
BADM 509,0.3566666666666669,0.0,,,,,,,,,,
BADM 514,0.3849999999999998,1.0,BADM 508,,,,,,,,,
BADM 520,0.42799999999999994,0.0,,,,,,,,,,
BADM 525,0.33000000000000007,0.0,,,,,,,,,,
BADM 540,0.020000000000000018,0.0,,,,,,,,,,
BADM 544,0.5699999999999998,4.0,BADM 509,BADM 520,BADM 567,FIN 520,,,,,,
BADM 554,1.0099999999999998,0.0,,,,,,,,,,
BADM 559,0.04999999999999982,0.0,,,,,,,,,,
BADM 562,0.08999999999999986,0.0,,,,,,,,,,
BADM 566,0.41000000000000014,0.0,,,,,,,,,,
BADM 567,0.29600000000000026,0.0,,,,,,,,,,
BADM 572,0.5666666666666664,0.0,,,,,,,,,,
BADM 576,0.1499999999999999,0.0,,,,,,,,,,
BADM 582,0.06000000000000005,0.0,,,,,,,,,,
BADM 583,0.2599999999999998,0.0,,,,,,,,,,
BADM 586,0.10000000000000009,0.0,,,,,,,,,,
BADM 590,0.16000000000000014,0.0,,,,,,,,,,
BADM 593,0.2799999999999998,0.0,,,,,,,,,,
BIOE 100,0.040000000000000036,0.0,,,,,,,,,,
BIOE 120,0.2599999999999998,0.0,,,,,,,,,,
BIOE 201,0.3900000000000001,3.0,CHEM 104,MCB 150,PHYS 211,,,,,,,
BIOE 202,0.69,2.0,MCB 150,BIOE 206,,,,,,,,
BIOE 206,1.0099999999999998,1.0,MCB 150,,,,,,,,,
BIOE 302,0.5899999999999999,5.0,CS 101,BIOE 205,MATH 285,MCB 252,BIOE 206,,,,,
BIOE 414,0.33999999999999986,3.0,BIOE 205,ECE 205,ECE 210,,,,,,,
BIOE 435,0.1299999999999999,4.0,BIOE 414,BIOE 415,BIOE 302,BIOE 303,,,,,,
BIOE 476,0.3999999999999999,2.0,MCB 150,BIOE 206,,,,,,,,
BIOE 504,0.18999999999999995,1.0,MATH 285,,,,,,,,,
BIOE 505,0.31000000000000005,1.0,STAT 400,,,,,,,,,
BIOE 573,0.4700000000000002,0.0,,,,,,,,,,
BIOE 575,0.2799999999999998,0.0,,,,,,,,,,
BTW 250,0.5005555555555556,0.0,,,,,,,,,,
BTW 261,0.4900000000000002,0.0,,,,,,,,,,
BUS 101,0.16153846153846185,0.0,,,,,,,,,,
BUS 199,0.06999999999999984,0.0,,,,,,,,,,
BUS 201,0.1775000000000002,1.0,BUS 101,,,,,,,,,
CEE 195,0.4500000000000002,0.0,,,,,,,,,,
CEE 201,0.77,2.0,MATH 231,MATH 225,,,,,,,,
CEE 202,0.6800000000000002,1.0,MATH 241,,,,,,,,,
CEE 300,1.13,2.0,CHEM 104,TAM 251,,,,,,,,
CEE 310,0.96,2.0,TAM 251,CEE 202,,,,,,,,
CEE 320,0.31000000000000005,3.0,CEE 201,CS 101,CEE 202,,,,,,,
CEE 330,0.3900000000000001,1.0,CHEM 104,,,,,,,,,
CEE 340,0.5299999999999998,7.0,PHYS 211,PHSY 213,CEE 201,IE 310,CEE 202,IE 300,STAT 200,,,
CEE 350,0.48,2.0,CEE 202,CEE 201,,,,,,,,
CEE 360,0.5899999999999999,1.0,TAM 251,,,,,,,,,
CEE 380,1.46,1.0,TAM 251,,,,,,,,,
CEE 398,0.43000000000000016,0.0,,,,,,,,,,
CEE 412,0.25,0.0,,,,,,,,,,
CEE 421,0.5,1.0,CEE 320,,,,,,,,,
CEE 422,0.6200000000000001,1.0,CEE 320,,,,,,,,,
CEE 432,0.4500000000000002,0.0,,,,,,,,,,
CEE 434,0.6400000000000001,2.0,CEE 201,CEE 330,,,,,,,,
CEE 437,0.5699999999999998,2.0,CEE 330,TAM 335,,,,,,,,
CEE 442,0.3500000000000001,1.0,CEE 437,,,,,,,,,
CEE 450,0.31999999999999984,1.0,CEE 350,,,,,,,,,
CEE 457,0.5899999999999999,2.0,CEE 350,TAM 335,,,,,,,,
CEE 458,0.08999999999999986,0.0,,,,,,,,,,
CEE 460,0.4900000000000002,1.0,CEE 360,,,,,,,,,
CEE 461,0.5499999999999998,1.0,CEE 360,,,,,,,,,
CEE 463,0.56,1.0,CEE 461,,,,,,,,,
CEE 470,1.21,1.0,CEE 360,,,,,,,,,
CEE 471,0.9500000000000002,2.0,MATH 285,TAM 251,,,,,,,,
CEE 472,0.3999999999999999,3.0,CEE 360,MATH 285,TAM 212,,,,,,,
CEE 491,1.5,1.0,CEE 202,,,,,,,,,
CEE 493,0.16999999999999993,1.0,CEE 340,,,,,,,,,
CEE 498,0.18000000000000016,0.0,,,,,,,,,,
CEE 512,0.5699999999999998,2.0,CEE 310,IE 310,,,,,,,,
CEE 524,0.2200000000000002,3.0,CEE 420,CEE 421,CEE 422,,,,,,,
CEE 598,0.20999999999999996,0.0,,,,,,,,,,
CHBE 221,1.355,3.0,CHEM 104,CHEM 204,CS 101,,,,,,,
CHBE 321,1.4,1.0,CHBE 221,,,,,,,,,
CHBE 421,1.25,1.0,CHBE 221,,,,,,,,,
CHBE 422,0.94,2.0,CHBE 321,CHBE 421,,,,,,,,
CHBE 424,1.13,1.0,CHBE 422,,,,,,,,,
CHBE 430,0.1200000000000001,2.0,CHBE 422,CHBE 424,,,,,,,,
CHBE 431,0.3799999999999999,2.0,CHBE 422,CHBE 424,,,,,,,,
CHBE 440,0.77,3.0,CHBE 421,MATH 285,CS 101,,,,,,,
CHBE 471,0.7999999999999998,0.0,,,,,,,,,,
CHBE 476,0.22999999999999998,2.0,CHBE 421,CHBE 422,,,,,,,,
CHBE 494,0.5750000000000002,0.0,,,,,,,,,,
CHBE 521,0.4900000000000002,0.0,,,,,,,,,,
CHEM 101,1.3975,0.0,,,,,,,,,,
CHEM 102,1.4857142857142853,1.0,MATH 112,,,,,,,,,
CHEM 103,0.41000000000000014,1.0,CHEM 102,,,,,,,,,
CHEM 104,1.606666666666667,2.0,CHEM 102,CHEM 202,,,,,,,,
CHEM 105,0.41000000000000014,3.0,CHEM 102,CHEM 103,CHEM 104,,,,,,,
CHEM 199,0.2240000000000002,0.0,,,,,,,,,,
CHEM 202,1.44,3.0,MATH 220,MATH 221,CHEM 203,,,,,,,
CHEM 203,1.0350000000000001,1.0,CHEM 202,,,,,,,,,
CHEM 222,0.5,2.0,CHEM 104,CHEM 105,,,,,,,,
CHEM 223,0.79,1.0,CHEM 222,,,,,,,,,
CHEM 232,1.23,3.0,CHEM 104,CHEM 105,CHEM 204,,,,,,,
CHEM 233,0.56,1.0,CHEM 232,,,,,,,,,
CHEM 236,1.1600000000000001,3.0,CHEM 104,CHEM 204,CHEM 222,,,,,,,
CHEM 237,1.1400000000000001,1.0,CHEM 236,,,,,,,,,
CHEM 312,1.2000000000000002,2.0,CHEM 232,CHEM 236,,,,,,,,
CHEM 315,0.8900000000000001,3.0,CHEM 237,CHEM 223,CHEM 233,,,,,,,
CHEM 332,1.5099999999999998,2.0,CHEM 232,CHEM 233,,,,,,,,
CHEM 420,1.1800000000000002,2.0,CHEM 440,CHEM 442,,,,,,,,
CHEM 440,0.8300000000000001,4.0,CHEM 104,CHEM 204,PHYS 102,MATH 241,,,,,,
CHEM 442,0.8399999999999999,7.0,CHEM 204,CHEM 222,MATH 225,MATH 415,PHYS 211,PHYS 212,PHYS 214,,,
CHEM 483,0.41999999999999993,1.0,CHEM 442,,,,,,,,,
CHEM 512,0.6400000000000001,1.0,CHEM 312,,,,,,,,,
CHEM 532,0.5099999999999998,2.0,CHEM 332,CHEM 436,,,,,,,,
CHEM 534,0.71,2.0,CHEM 332,CHEM 436,,,,,,,,
CHEM 570,0.5699999999999998,0.0,,,,,,,,,,
CHEM 584,0.3700000000000001,0.0,,,,,,,,,,
CHLH 100,0.375,0.0,,,,,,,,,,
CHLH 101,0.71,0.0,,,,,,,,,,
CHLH 125,0.2599999999999998,0.0,,,,,,,,,,
CHLH 199,0.18999999999999995,0.0,,,,,,,,,,
CHLH 200,0.6200000000000001,0.0,,,,,,,,,,
CHLH 201,0.3700000000000001,0.0,,,,,,,,,,
CHLH 206,0.81,0.0,,,,,,,,,,
CHLH 210,0.6499999999999999,0.0,,,,,,,,,,
CHLH 243,0.33000000000000007,0.0,,,,,,,,,,
CHLH 244,1.17,0.0,,,,,,,,,,
CHLH 250,0.52,0.0,,,,,,,,,,
CHLH 260,0.45999999999999996,0.0,,,,,,,,,,
CHLH 274,0.8900000000000001,0.0,,,,,,,,,,
CHLH 304,0.7400000000000002,1.0,CHLH 100,,,,,,,,,
CHLH 380,0.20999999999999996,0.0,,,,,,,,,,
CHLH 404,0.1499999999999999,0.0,,,,,,,,,,
CHLH 410,0.33000000000000007,1.0,CHLH 210,,,,,,,,,
CHLH 415,0.6400000000000001,0.0,,,,,,,,,,
CHLH 421,0.81,0.0,,,,,,,,,,
CHLH 455,0.2200000000000002,0.0,,,,,,,,,,
CHLH 456,0.5899999999999999,0.0,,,,,,,,,,
CHLH 457,0.3900000000000001,1.0,CHLH 250,,,,,,,,,
CHLH 458,0.8700000000000001,0.0,,,,,,,,,,
CHLH 572,0.3599999999999999,0.0,,,,,,,,,,
CHP 199,0.040000000000000036,0.0,,,,,,,,,,
CI 210,0.14000000000000012,0.0,,,,,,,,,,
CI 403,0.3599999999999999,1.0,CI 401,,,,,,,,,
CI 405,0.33499999999999996,0.0,,,,,,,,,,
CI 406,0.14000000000000012,1.0,CI 405,,,,,,,,,
CI 410,0.5899999999999999,0.0,,,,,,,,,,
CI 415,0.1299999999999999,0.0,,,,,,,,,,
CI 430,0.4633333333333334,1.0,MATH 103,,,,,,,,,
CI 450,0.33999999999999986,0.0,,,,,,,,,,
CI 452,0.2400000000000002,0.0,,,,,,,,,,
CI 467,0.22999999999999998,0.0,,,,,,,,,,
CI 471,0.2200000000000002,0.0,,,,,,,,,,
CI 476,0.41000000000000014,3.0,CI 467,CI 475,CI 471,,,,,,,
CI 541,0.1299999999999999,0.0,,,,,,,,,,
CI 550,0.14000000000000012,0.0,,,,,,,,,,
CLCV 102,0.4299999999999997,0.0,,,,,,,,,,
CLCV 111,0.96,0.0,,,,,,,,,,
CLCV 114,0.75,0.0,,,,,,,,,,
CLCV 115,0.5288235294117647,0.0,,,,,,,,,,
CLCV 120,0.33000000000000007,0.0,,,,,,,,,,
CLCV 131,0.8999999999999999,0.0,,,,,,,,,,
CLCV 222,0.8300000000000001,0.0,,,,,,,,,,
CLCV 224,0.1299999999999999,0.0,,,,,,,,,,
CLCV 231,0.4900000000000002,0.0,,,,,,,,,,
CLCV 240,0.8900000000000001,0.0,,,,,,,,,,
CMN 101,0.6381395348837207,0.0,,,,,,,,,,
CMN 102,0.9700000000000002,0.0,,,,,,,,,,
CMN 111,0.31000000000000005,0.0,,,,,,,,,,
CMN 211,0.9766666666666666,1.0,CMN 101,,,,,,,,,
CMN 212,0.40500000000000025,0.0,,,,,,,,,,
CMN 213,0.29000000000000004,0.0,,,,,,,,,,
CMN 215,0.5699999999999998,3.0,CMN 101,CMN 111,CMN 112,,,,,,,
CMN 220,0.45999999999999996,0.0,,,,,,,,,,
CMN 230,1.23,0.0,,,,,,,,,,
CMN 232,0.8166666666666664,0.0,,,,,,,,,,
CMN 250,0.516666666666667,0.0,,,,,,,,,,
CMN 260,1.025,0.0,,,,,,,,,,
CMN 275,0.8799999999999999,0.0,,,,,,,,,,
CMN 277,1.1099999999999999,0.0,,,,,,,,,,
CMN 280,0.5800000000000001,0.0,,,,,,,,,,
CMN 312,0.8199999999999998,0.0,,,,,,,,,,
CMN 321,1.48,0.0,,,,,,,,,,
CMN 323,0.2650000000000001,1.0,CMN 101,,,,,,,,,
CMN 336,0.3799999999999999,0.0,,,,,,,,,,
CMN 340,0.5700000000000003,0.0,,,,,,,,,,
CMN 345,1.3199999999999998,0.0,,,,,,,,,,
CMN 361,0.1499999999999999,0.0,,,,,,,,,,
CMN 368,0.81,0.0,,,,,,,,,,
CMN 377,0.7900000000000005,0.0,,,,,,,,,,
CMN 396,1.2199999999999998,0.0,,,,,,,,,,
CMN 412,1.21,1.0,CMN 212,,,,,,,,,
CMN 429,0.6699999999999999,0.0,,,,,,,,,,
CMN 462,0.6099999999999999,0.0,,,,,,,,,,
CMN 463,1.04,0.0,,,,,,,,,,
CMN 464,0.71,0.0,,,,,,,,,,
CMN 465,0.3900000000000001,0.0,,,,,,,,,,
CMN 595,0.3999999999999999,0.0,,,,,,,,,,
CPSC 112,0.6499999999999999,0.0,,,,,,,,,,
CPSC 113,0.4700000000000002,0.0,,,,,,,,,,
CPSC 213,1.2200000000000002,0.0,,,,,,,,,,
CPSC 226,1.17,3.0,CPSC 112,HORT 100,IB 103,,,,,,,
CPSC 270,0.8500000000000001,0.0,,,,,,,,,,
CPSC 414,0.18999999999999995,0.0,,,,,,,,,,
CPSC 440,0.43000000000000016,,,,,,,,,,,
CPSC 441,0.3900000000000001,,,,,,,,,,,
CPSC 498,0.33000000000000007,,,,,,,,,,,
CS 100,0.54,0.0,,,,,,,,,,
CS 101,0.3500000000000001,2.0,MATH 220,MATH 221,,,,,,,,
CS 105,0.81,1.0,MATH 112,,,,,,,,,
CS 125,0.3700000000000001,1.0,MATH 112,,,,,,,,,
CS 126,0.5299999999999998,1.0,CS 125,,,,,,,,,
CS 173,0.7649999999999997,4.0,CS 125,ECE 220,MATH 220,MATH 221,,,,,,
CS 196,0.10000000000000009,0.0,,,,,,,,,,
CS 199,0.2200000000000002,0.0,,,,,,,,,,
CS 210,0.3799999999999999,1.0,CS 225,,,,,,,,,
CS 225,0.5549999999999997,4.0,CS 125,ECE 220,CS 173,MATH 213,,,,,,
CS 233,0.6299999999999999,3.0,CS 125,CS 173,CS 225,,,,,,,
CS 241,1.185,2.0,CS 225,CS 233,,,,,,,,
CS 242,0.6299999999999999,1.0,CS 241,,,,,,,,,
CS 296,0.3599999999999999,0.0,,,,,,,,,,
CS 357,0.5999999999999996,8.0,CS 101,CS 105,CS 125,MATH 241,MATH 225,MATH 415,MATH 416,ASRM 406,,
CS 361,0.8999999999999999,5.0,MATH 220,MATH 221,MATH 225,MATH 415,MATH 416,,,,,
CS 374,1.48,1.0,CS 225,,,,,,,,,
CS 410,0.08000000000000007,1.0,CS 225,,,,,,,,,
CS 411,0.22999999999999998,1.0,CS 225,,,,,,,,,
CS 412,0.6499999999999999,1.0,CS 225,,,,,,,,,
CS 418,0.7400000000000002,4.0,CS 225,MATH 225,MATH 415,MATH 241,,,,,,
CS 420,0.4900000000000002,1.0,CS 225,,,,,,,,,
CS 421,0.5299999999999998,3.0,CS 233,CS 240,CS 374,,,,,,,
CS 424,0.2599999999999998,1.0,CS 241,,,,,,,,,
CS 425,0.7533333333333334,2.0,CS 241,ECE 391,,,,,,,,
CS 426,0.41999999999999993,1.0,CS 421,,,,,,,,,
CS 427,0.77,2.0,CS 225,CS 373,,,,,,,,
CS 433,0.5099999999999998,1.0,CS 233,,,,,,,,,
CS 438,0.5299999999999998,5.0,CS 241,ECE 391,ECE 313,MATH 461,MATH 463,,,,,
CS 440,0.7799999999999998,2.0,CS 225,ECE 391,,,,,,,,
CS 445,0.52,3.0,CS 225,MATH 225,MATH 231,,,,,,,
CS 446,0.6000000000000001,2.0,CS 373,CS 440,,,,,,,,
CS 447,0.2799999999999998,1.0,CS 374,,,,,,,,,
CS 450,0.9100000000000001,5.0,CS 101,CS 125,CS 357,MATH 415,MATH 285,,,,,
CS 461,1.3599999999999999,2.0,CS 241,ECE 391,,,,,,,,
CS 465,0.6600000000000001,1.0,CS 225,,,,,,,,,
CS 466,0.5099999999999998,1.0,CS 225,,,,,,,,,
CS 473,0.9300000000000002,4.0,CS 374,CS 361,MATH 461,STAT 400,,,,,,
CS 498,0.44714285714285706,0.0,,,,,,,,,,
CS 510,0.10000000000000009,4.0,CS 410,CS 412,CS 446,LING 406,,,,,,
CS 523,0.31999999999999984,3.0,CS 423,CS 425,CS 433,,,,,,,
CS 554,0.18999999999999995,3.0,CS 450,CS 457,CS 555,,,,,,,
CS 598,0.20714285714285685,0.0,,,,,,,,,,
CW 100,0.48333333333333295,0.0,,,,,,,,,,
CWL 114,0.5,0.0,,,,,,,,,,
CWL 189,0.7599999999999998,0.0,,,,,,,,,,
CWL 241,0.4750000000000001,0.0,,,,,,,,,,
DANC 100,0.17999999999999972,0.0,,,,,,,,,,
DANC 105,0.6400000000000001,0.0,,,,,,,,,,
DANC 125,0.9300000000000002,0.0,,,,,,,,,,
DANC 167,1.15,0.0,,,,,,,,,,
DANC 200,0.2400000000000002,0.0,,,,,,,,,,
EALC 240,0.48,0.0,,,,,,,,,,
EALC 250,1.0499999999999998,0.0,,,,,,,,,,
EALC 275,0.31999999999999984,0.0,,,,,,,,,,
EALC 398,0.20000000000000018,0.0,,,,,,,,,,
ECE 110,0.7200000000000002,0.0,,,,,,,,,,
ECE 120,0.9375,0.0,,,,,,,,,,
ECE 199,0.06999999999999984,0.0,,,,,,,,,,
ECE 205,0.8199999999999998,1.0,PHYS 212,,,,,,,,,
ECE 206,0.1433333333333331,1.0,ECE 205,,,,,,,,,
ECE 210,1.31,4.0,ECE 110,PHYS 212,MATH 285,MATH 286,,,,,,
ECE 211,1.21,4.0,ECE 110,PHYS 212,MATH 285,MATH 286,,,,,,
ECE 220,0.9300000000000002,1.0,ECE 120,,,,,,,,,
ECE 304,0.6400000000000001,1.0,PHYS 214,,,,,,,,,
ECE 310,1.1533333333333338,1.0,ECE 210,,,,,,,,,
ECE 311,0.6200000000000001,1.0,ECE 310,,,,,,,,,
ECE 313,1.475,2.0,MATH 286,MATH 415,,,,,,,,
ECE 316,0.14000000000000012,1.0,RHET 105,,,,,,,,,
ECE 329,1.1300000000000003,1.0,ECE 210,,,,,,,,,
ECE 330,1.315,1.0,ECE 210,,,,,,,,,
ECE 333,0.5099999999999998,2.0,ECE 205,ECE 210,,,,,,,,
ECE 340,1.5666666666666669,3.0,ECE 210,PHYS 214,ECE 329,,,,,,,
ECE 342,1.08,1.0,ECE 210,,,,,,,,,
ECE 343,0.1499999999999999,1.0,ECE 342,,,,,,,,,
ECE 350,0.79,1.0,ECE 329,,,,,,,,,
ECE 365,0.4500000000000002,1.0,ECE 313,,,,,,,,,
ECE 380,0.3599999999999999,2.0,MATH 285,MATH 286,,,,,,,,
ECE 385,0.98,2.0,ECE 110,ECE 220,,,,,,,,
ECE 391,0.9100000000000001,2.0,ECE 220,CS 233,,,,,,,,
ECE 395,0.2400000000000002,1.0,ECE 385,,,,,,,,,
ECE 402,0.6699999999999999,1.0,ECE 310,,,,,,,,,
ECE 408,0.8500000000000001,1.0,ECE 220,,,,,,,,,
ECE 411,1.27,2.0,ECE 391,CS 241,,,,,,,,
ECE 417,0.5699999999999998,2.0,ECE 310,ECE 313,,,,,,,,
ECE 420,0.5899999999999999,1.0,ECE 310,,,,,,,,,
ECE 425,1.0299999999999998,3.0,ECE 385,ECE 411,CS 233,,,,,,,
ECE 437,0.04999999999999982,1.0,ECE 329,,,,,,,,,
ECE 444,0.7000000000000002,1.0,ECE 340,,,,,,,,,
ECE 445,0.6400000000000001,0.0,,,,,,,,,,
ECE 464,0.8199999999999998,1.0,ECE 342,,,,,,,,,
ECE 469,0.2799999999999998,2.0,ECE 343,ECE 464,,,,,,,,
ECE 476,0.8999999999999999,1.0,ECE 330,,,,,,,,,
ECE 482,0.81,1.0,ECE 342,,,,,,,,,
ECE 486,0.4900000000000002,1.0,ECE 210,,,,,,,,,
ECE 515,0.16999999999999993,1.0,ECE 486,,,,,,,,,
ECE 517,0.1499999999999999,1.0,ECE 515,,,,,,,,,
ECE 534,0.31999999999999984,3.0,ECE 313,MATH 461,STAT 400,,,,,,,
ECE 540,0.10999999999999988,2.0,CS 357,ECE 520,,,,,,,,
ECE 544,0.3500000000000001,0.0,,,,,,,,,,
ECE 551,0.33000000000000007,2.0,ECE 310,ECE 313,,,,,,,,
ECE 563,0.2400000000000002,3.0,ECE 534,MATH 464,MATH 564,,,,,,,
ECE 564,0.16999999999999993,3.0,ECE 460,MSE 405,PHYS 402,,,,,,,
ECE 566,0.2599999999999998,2.0,ECE 490,ECE 534,,,,,,,,
ECE 598,0.3833333333333333,0.0,,,,,,,,,,
ECON 102,0.7626315789473685,0.0,,,,,,,,,,
ECON 103,1.0090476190476187,0.0,,,,,,,,,,
ECON 202,0.818888888888889,3.0,MATH 220,MATH 221,MATH 234,,,,,,,
ECON 203,1.1422222222222222,4.0,ECON 202,MATH 220,MATH 221,MATH 234,,,,,,
ECON 302,1.48,1.0,ECON 102,,,,,,,,,
ECON 303,0.9542857142857142,5.0,ECON 102,ECON 103,MATH 220,MATH 221,MATH 234,,,,,
ECON 402,1.2200000000000002,3.0,ECON 202,ECON 302,MATH 220,,,,,,,
ECON 411,1.23,1.0,ECON 302,,,,,,,,,
ECON 414,0.8700000000000001,1.0,ECON 302,,,,,,,,,
ECON 415,0.6499999999999999,4.0,ECON 202,ECON 302,MATH 220,MATH 221,,,,,,
ECON 418,0.6099999999999999,4.0,ECON 202,ECON 302,MATH 220,MATH 221,,,,,,
ECON 420,0.6699999999999999,2.0,ECON 302,ECON 303,,,,,,,,
ECON 425,0.6000000000000001,5.0,ECON 203,ECON 302,ECON 303,MATH 220,MATH 221,,,,,
ECON 426,0.6950000000000003,3.0,ECON 202,ECON 303,MATH 231,,,,,,,
ECON 437,1.02,4.0,ECON 202,ECON 302,MATH 220,MATH 221,,,,,,
ECON 440,0.48,1.0,ECON 302,,,,,,,,,
ECON 442,1.04,3.0,ECON 202,ECON 302,MATH 220,,,,,,,
ECON 447,1.02,4.0,ECON 202,ECON 302,MATH 220,MATH 221,,,,,,
ECON 448,1.5,4.0,ECON 202,ECON 302,MATH 220,MATH 221,,,,,,
ECON 450,0.8799999999999999,2.0,ECON 102,ECON 103,,,,,,,,
ECON 451,0.41999999999999993,2.0,ECON 203,ECON 302,,,,,,,,
ECON 471,1.2999999999999998,3.0,ECON 203,ECON 302,ECON 303,,,,,,,
ECON 475,0.41500000000000004,4.0,ECON 203,ECON 302,MATH 220,MATH 221,,,,,,
ECON 484,0.18000000000000016,1.0,ECON 302,,,,,,,,,
ECON 490,0.7328571428571427,5.0,ECON 202,ECON 302,ECON 303,MATH 220,MATH 221,,,,,
ECON 500,0.5499999999999998,1.0,ECON 102,,,,,,,,,
ECON 501,0.18000000000000016,2.0,ECON 102,ECON 103,,,,,,,,
ECON 502,0.6000000000000001,0.0,,,,,,,,,,
ECON 504,0.3599999999999999,2.0,ECON 503,STAT 578,,,,,,,,
ECON 505,0.41999999999999993,3.0,MATH 415,ECON 500,ECON 501,,,,,,,
ECON 516,0.31999999999999984,0.0,,,,,,,,,,
ECON 528,0.3600000000000003,0.0,,,,,,,,,,
ECON 532,0.4900000000000002,0.0,,,,,,,,,,
ECON 590,0.16999999999999993,0.0,,,,,,,,,,
EDUC 101,0.20000000000000018,0.0,,,,,,,,,,
EDUC 201,0.1775000000000002,0.0,,,,,,,,,,
EDUC 202,0.23999999999999977,0.0,,,,,,,,,,
ENG 101,0.6499999999999999,0.0,,,,,,,,,,
ENG 110,0.43999999999999995,0.0,,,,,,,,,,
ENG 177,0.21714285714285708,0.0,,,,,,,,,,
ENG 199,0.29000000000000004,0.0,,,,,,,,,,
ENG 471,0.25,6.0,MATH 220,MATH 221,CHEM 104,CHEM 204,PHYS 101,PHYS 211,,,,
ENG 598,0.41999999999999993,0.0,,,,,,,,,,
ENGL 103,0.6499999999999999,0.0,,,,,,,,,,
ENGL 104,0.52,0.0,,,,,,,,,,
ENGL 109,0.395,0.0,,,,,,,,,,
ENGL 115,0.10000000000000009,0.0,,,,,,,,,,
ENGL 116,0.4700000000000002,0.0,,,,,,,,,,
ENGL 119,0.54,0.0,,,,,,,,,,
ENGL 120,0.20000000000000018,0.0,,,,,,,,,,
ENGL 122,0.43999999999999995,0.0,,,,,,,,,,
ENGL 200,0.4249999999999998,0.0,,,,,,,,,,
ENGL 202,0.6699999999999999,0.0,,,,,,,,,,
ENGL 204,0.2999999999999998,0.0,,,,,,,,,,
ENGL 206,0.41000000000000014,0.0,,,,,,,,,,
ENGL 218,0.5499999999999998,0.0,,,,,,,,,,
ENGL 245,0.3650000000000002,0.0,,,,,,,,,,
ENGL 247,0.2599999999999998,0.0,,,,,,,,,,
ENGL 253,0.71,0.0,,,,,,,,,,
ENGL 259,0.45999999999999996,0.0,,,,,,,,,,
ENGL 260,0.5099999999999998,0.0,,,,,,,,,,
ENGL 273,0.6200000000000001,0.0,,,,,,,,,,
ENGL 285,0.73,0.0,,,,,,,,,,
ENGL 301,0.4900000000000002,0.0,,,,,,,,,,
ENGL 330,0.79,0.0,,,,,,,,,,
ENGL 350,0.5399999999999996,0.0,,,,,,,,,,
ENGL 373,1.27,0.0,,,,,,,,,,
ENGL 407,0.54,0.0,,,,,,,,,,
ENGL 418,0.41000000000000014,0.0,,,,,,,,,,
ENGL 455,0.3799999999999999,0.0,,,,,,,,,,
ENGL 481,0.2200000000000002,0.0,,,,,,,,,,
EOL 542,0.14000000000000012,1.0,EOL 540,,,,,,,,,
EOL 547,0.20000000000000018,0.0,,,,,,,,,,
EPOL 500,0.029999999999999805,,,,,,,,,,,
EPOL 550,0.09499999999999975,0.0,,,,,,,,,,
EPS 310,0.41000000000000014,0.0,,,,,,,,,,
EPS 400,0.06000000000000005,0.0,,,,,,,,,,
EPS 402,0.27,0.0,,,,,,,,,,
EPS 412,0.2999999999999998,0.0,,,,,,,,,,
EPS 423,0.16000000000000014,0.0,,,,,,,,,,
EPS 530,0.3599999999999999,0.0,,,,,,,,,,
EPS 533,0.20000000000000018,0.0,,,,,,,,,,
EPS 538,0.25,0.0,,,,,,,,,,
EPSY 201,0.2999999999999998,1.0,PSYC 100,,,,,,,,,
EPSY 202,0.5099999999999998,0.0,,,,,,,,,,
EPSY 220,0.30600000000000005,0.0,,,,,,,,,,
EPSY 401,0.41000000000000014,2.0,EPSY 201,EPSY 236,,,,,,,,
EPSY 420,0.7400000000000002,1.0,PSYC 238,,,,,,,,,
EPSY 430,0.20000000000000018,0.0,,,,,,,,,,
EPSY 456,0.20999999999999996,2.0,PSYC 100,PSYC 103,,,,,,,,
EPSY 480,0.43000000000000016,0.0,,,,,,,,,,
EPSY 485,0.25,1.0,CI 403,,,,,,,,,
EPSY 578,0.08000000000000007,0.0,,,,,,,,,,
EPSY 580,0.2400000000000002,1.0,EPSY 480,,,,,,,,,
ESE 100,0.8900000000000001,0.0,,,,,,,,,,
ESE 200,0.7050000000000001,0.0,,,,,,,,,,
ESE 360,0.43999999999999995,0.0,,,,,,,,,,
FAA 101,0.3799999999999999,0.0,,,,,,,,,,
FAA 102,0.8599999999999999,0.0,,,,,,,,,,
FIN 221,0.9512499999999999,2.0,ECON 102,ECON 103,,,,,,,,
FIN 230,0.6699999999999999,0.0,,,,,,,,,,
FIN 241,0.3700000000000001,1.0,ECON 102,,,,,,,,,
FIN 300,0.9949999999999997,1.0,FIN 221,,,,,,,,,
FIN 321,0.774,1.0,FIN 300,,,,,,,,,
FIN 392,0.029999999999999805,0.0,,,,,,,,,,
FIN 411,0.56,1.0,FIN 300,,,,,,,,,
FIN 412,0.7599999999999998,1.0,FIN 300,,,,,,,,,
FIN 423,0.2450000000000001,1.0,FIN 300,,,,,,,,,
FIN 424,0.5800000000000001,1.0,FIN 321,,,,,,,,,
FIN 435,0.5049999999999999,1.0,FIN 300,,,,,,,,,
FIN 443,0.5099999999999998,0.0,,,,,,,,,,
FIN 444,0.18000000000000016,2.0,FIN 300,FIN 241,,,,,,,,
FIN 445,0.18000000000000016,2.0,FIN 300,FIN 241,,,,,,,,
FIN 447,0.009999999999999787,2.0,FIN 221,FIN 241,,,,,,,,
FIN 463,0.5,3.0,FIN 300,FIN 300,FIN 391,,,,,,,
FIN 500,0.43999999999999995,0.0,,,,,,,,,,
FIN 501,0.563333333333333,0.0,,,,,,,,,,
FIN 511,0.4820000000000002,2.0,FIN 520,MBA 505,,,,,,,,
FIN 512,0.3700000000000001,2.0,FIN 520,MBA 505,,,,,,,,
FIN 516,0.33000000000000007,2.0,FIN 500,FIN 512,,,,,,,,
FIN 518,0.029999999999999805,0.0,,,,,,,,,,
FIN 520,0.31999999999999984,0.0,,,,,,,,,,
FIN 521,0.2599999999999998,4.0,FIN 520,ECON 506,BADM 572,MBA 505,,,,,,
FIN 522,0.2400000000000002,4.0,FIN 520,ECON 506,BADM 572,MBA 505,,,,,,
FIN 530,0.06999999999999984,0.0,,,,,,,,,,
FIN 541,0.22999999999999998,4.0,FIN 520,ECON 302,ECON 500,MBA 505,,,,,,
FIN 566,0.41000000000000014,0.0,,,,,,,,,,
FIN 580,0.36916666666666664,0.0,,,,,,,,,,
FSHN 101,0.8449999999999998,0.0,,,,,,,,,,
FSHN 120,0.56,1.0,CHEM 101,,,,,,,,,
FSHN 125,0.18999999999999995,0.0,,,,,,,,,,
FSHN 140,0.27,0.0,,,,,,,,,,
FSHN 150,0.06000000000000005,0.0,,,,,,,,,,
FSHN 199,0.5099999999999998,0.0,,,,,,,,,,
FSHN 220,0.4500000000000002,2.0,CHEM 102,MCB 244,,,,,,,,
FSHN 232,1.0,1.0,FSHN 101,,,,,,,,,
FSHN 302,0.08999999999999986,0.0,,,,,,,,,,
FSHN 345,0.06999999999999984,1.0,FSHN 232,,,,,,,,,
FSHN 414,0.4700000000000002,1.0,CHEM 232,,,,,,,,,
FSHN 416,0.33000000000000007,2.0,CHEM 232,FSHN 414,,,,,,,,
FSHN 420,0.41999999999999993,2.0,FSHN 220,MCB 450,,,,,,,,
FSHN 426,0.14000000000000012,4.0,FSHN 220,FSHN 120,FSHN 414,MCB 450,,,,,,
FSHN 428,0.1200000000000001,1.0,FSHN 220,,,,,,,,,
FSHN 450,0.10999999999999988,0.0,,,,,,,,,,
FSHN 461,0.41999999999999993,3.0,FSHN 414,FSHN 460,FSHN 418,,,,,,,
FSHN 465,0.25,0.0,,,,,,,,,,
FSHN 466,0.2799999999999998,7.0,FSHN 332,FSHN 414,FSHN 471,FSHN 472,FSHN 461,FSHN 462,FSHN 465,,,
FSHN 519,0.020000000000000018,2.0,FSHN 414,FSHN 418,,,,,,,,
FSHN 595,0.1200000000000001,0.0,,,,,,,,,,
GCL 126,0.8300000000000001,0.0,,,,,,,,,,
GCL 143,0.31999999999999984,0.0,,,,,,,,,,
GCL 147,1.0099999999999998,0.0,,,,,,,,,,
GCL 185,0.9100000000000001,0.0,,,,,,,,,,
GCL 186,1.4,0.0,,,,,,,,,,
GCL 195,0.14000000000000012,0.0,,,,,,,,,,
GEOG 101,0.16999999999999993,0.0,,,,,,,,,,
GEOG 103,1.48,0.0,,,,,,,,,,
GEOG 204,0.8700000000000001,0.0,,,,,,,,,,
GEOG 205,0.8700000000000001,2.0,ECON 102,ECON 103,,,,,,,,
GEOG 210,0.73,0.0,,,,,,,,,,
GEOG 221,0.31000000000000005,0.0,,,,,,,,,,
GEOG 379,0.3799999999999999,0.0,,,,,,,,,,
GEOG 412,0.6000000000000001,1.0,GEOG 105,,,,,,,,,
GEOG 473,0.10000000000000009,0.0,,,,,,,,,,
GEOG 477,0.5,1.0,GEOG 280,,,,,,,,,
GEOG 479,0.06000000000000005,1.0,GEOG 379,,,,,,,,,
GEOG 570,0.5099999999999998,0.0,,,,,,,,,,
GEOL 100,0.5800000000000001,0.0,,,,,,,,,,
GEOL 117,0.8500000000000001,0.0,,,,,,,,,,
GEOL 118,0.7400000000000002,0.0,,,,,,,,,,
GER 103,0.4700000000000002,0.0,,,,,,,,,,
GER 270,0.33999999999999986,0.0,,,,,,,,,,
GLBL 100,0.4700000000000002,0.0,,,,,,,,,,
GLBL 220,0.20999999999999996,1.0,GLBL 100,,,,,,,,,
GLBL 240,0.25,0.0,,,,,,,,,,
GLBL 296,0.1200000000000001,0.0,,,,,,,,,,
GLBL 350,0.52,1.0,GLBL 250,,,,,,,,,
GS 101,0.3308571428571434,0.0,,,,,,,,,,
GS 199,0.18199999999999994,0.0,,,,,,,,,,
GWS 100,0.7425000000000002,0.0,,,,,,,,,,
GWS 201,1.04,0.0,,,,,,,,,,
GWS 255,0.8900000000000001,0.0,,,,,,,,,,
GWS 275,0.9666666666666668,0.0,,,,,,,,,,
GWS 370,1.2799999999999998,3.0,GWS 100,GWS 201,GWS 202,,,,,,,
GWS 387,0.9199999999999999,0.0,,,,,,,,,,
HDFS 101,0.52,0.0,,,,,,,,,,
HDFS 105,0.33666666666666645,0.0,,,,,,,,,,
HDFS 120,0.7850000000000001,0.0,,,,,,,,,,
HDFS 199,0.10999999999999988,0.0,,,,,,,,,,
HDFS 208,0.31000000000000005,1.0,HDFS 105,,,,,,,,,
HDFS 220,0.73,0.0,,,,,,,,,,
HDFS 225,0.5499999999999998,0.0,,,,,,,,,,
HDFS 290,0.8799999999999999,1.0,HDFS 105,,,,,,,,,
HDFS 301,0.8799999999999999,2.0,HDFS 105,PSYC 216,,,,,,,,
HDFS 340,0.77,2.0,HDFS 105,SOC 100,,,,,,,,
HDFS 379,0.020000000000000018,0.0,,,,,,,,,,
HDFS 401,0.3799999999999999,2.0,HDFS 301,HDFS 290,,,,,,,,
HDFS 405,0.75,2.0,HDFS 105,PSYC 100,,,,,,,,
HDFS 425,0.41999999999999993,2.0,HDFS 120,HDFS 290,,,,,,,,
HIST 100,0.4918181818181817,0.0,,,,,,,,,,
HIST 103,0.6400000000000001,0.0,,,,,,,,,,
HIST 141,1.1225,0.0,,,,,,,,,,
HIST 142,0.98,0.0,,,,,,,,,,
HIST 171,0.8333333333333335,0.0,,,,,,,,,,
HIST 172,0.8250000000000002,0.0,,,,,,,,,,
HIST 240,0.5499999999999998,0.0,,,,,,,,,,
HIST 257,1.2400000000000002,0.0,,,,,,,,,,
HIST 258,1.17,0.0,,,,,,,,,,
HIST 259,0.25,0.0,,,,,,,,,,
HIST 268,0.8399999999999999,0.0,,,,,,,,,,
HIST 269,0.69,0.0,,,,,,,,,,
HIST 276,0.56,0.0,,,,,,,,,,
HIST 277,0.33000000000000007,0.0,,,,,,,,,,
HIST 280,0.31999999999999984,0.0,,,,,,,,,,
HIST 281,0.7000000000000002,0.0,,,,,,,,,,
HIST 283,0.8700000000000001,0.0,,,,,,,,,,
HIST 286,0.7999999999999998,0.0,,,,,,,,,,
HIST 310,0.2999999999999998,0.0,,,,,,,,,,
HIST 311,0.73,0.0,,,,,,,,,,
HIST 338,0.8199999999999998,0.0,,,,,,,,,,
HIST 347,0.7200000000000002,0.0,,,,,,,,,,
HIST 353,0.43999999999999995,0.0,,,,,,,,,,
HIST 354,0.4500000000000002,0.0,,,,,,,,,,
HIST 358,0.29000000000000004,0.0,,,,,,,,,,
HIST 439,0.41000000000000014,0.0,,,,,,,,,,
HORT 100,0.20999999999999996,0.0,,,,,,,,,,
HORT 105,0.25,0.0,,,,,,,,,,
HORT 106,0.6400000000000001,0.0,,,,,,,,,,
HRD 400,0.029999999999999805,0.0,,,,,,,,,,
HRD 411,0.5949999999999998,0.0,,,,,,,,,,
HRD 472,0.04999999999999982,1.0,HRD 411,,,,,,,,,
IB 100,0.8799999999999999,0.0,,,,,,,,,,
IB 104,0.9700000000000002,0.0,,,,,,,,,,
IB 105,0.5550000000000002,0.0,,,,,,,,,,
IB 108,1.0099999999999998,0.0,,,,,,,,,,
IB 150,1.06,0.0,,,,,,,,,,
IB 151,0.5025,1.0,IB 150,,,,,,,,,
IB 199,0.10999999999999988,0.0,,,,,,,,,,
IB 204,1.1099999999999999,2.0,IB 150,MCB 150,,,,,,,,
IB 270,0.2799999999999998,0.0,,,,,,,,,,
IB 303,1.1400000000000001,1.0,IB 150,,,,,,,,,
IB 360,0.10000000000000009,3.0,IB 302,MCB 250,MCB 244,,,,,,,
IB 362,0.5800000000000001,0.0,,,,,,,,,,
IB 372,0.14000000000000012,1.0,IB 271,,,,,,,,,
IB 411,0.69,0.0,,,,,,,,,,
IB 452,0.6800000000000002,2.0,CHEM 102,CHEM 104,,,,,,,,
IB 462,0.79,2.0,IB 202,IB 203,,,,,,,,
IB 494,0.1499999999999999,2.0,MATH 220,MATH 221,,,,,,,,
IB 496,0.10000000000000009,0.0,,,,,,,,,,
IE 300,1.3650000000000002,1.0,MATH 241,,,,,,,,,
IE 310,1.42,1.0,MATH 415,,,,,,,,,
IE 360,0.5699999999999998,1.0,IE 310,,,,,,,,,
IE 400,0.7999999999999998,1.0,IE 300,,,,,,,,,
IE 405,0.41000000000000014,1.0,CS 101,,,,,,,,,
IE 410,1.0899999999999999,1.0,IE 310,,,,,,,,,
IE 411,0.2999999999999998,2.0,IE 310,MATH 415,,,,,,,,
IE 412,0.9500000000000002,1.0,IE 310,,,,,,,,,
IE 498,0.20000000000000018,0.0,,,,,,,,,,
IE 522,0.71,1.0,MATH 415,,,,,,,,,
IE 523,0.43000000000000016,1.0,CS 225,,,,,,,,,
IE 524,0.3599999999999999,2.0,FIN 500,MATH 415,,,,,,,,
IE 529,0.06000000000000005,2.0,MATH 415,IE 300,,,,,,,,
IE 534,0.1299999999999999,1.0,CS 446,,,,,,,,,
IE 598,0.16000000000000014,0.0,,,,,,,,,,
IHLT 101,0.43000000000000016,0.0,,,,,,,,,,
IHLT 102,0.08000000000000007,0.0,,,,,,,,,,
IHLT 230,0.2799999999999998,0.0,,,,,,,,,,
IHLT 240,0.2799999999999998,0.0,,,,,,,,,,
IHLT 375,0.28500000000000014,0.0,,,,,,,,,,
IHLT 474,0.2599999999999998,0.0,,,,,,,,,,
IHLT 475,0.13999999999999968,0.0,,,,,,,,,,
INFO 202,1.54,0.0,,,,,,,,,,
INFO 403,0.43000000000000016,0.0,,,,,,,,,,
INFO 490,0.3250000000000002,0.0,,,,,,,,,,
IS 452,0.14000000000000012,0.0,,,,,,,,,,
IS 455,0.3650000000000002,0.0,,,,,,,,,,
IS 457,0.5099999999999998,0.0,,,,,,,,,,
IS 458,0.2400000000000002,0.0,,,,,,,,,,
IS 501,0.14833333333333343,0.0,,,,,,,,,,
IS 504,0.08000000000000007,0.0,,,,,,,,,,
IS 505,0.20000000000000018,0.0,,,,,,,,,,
IS 506,0.1299999999999999,0.0,,,,,,,,,,
IS 514,0.4700000000000002,0.0,,,,,,,,,,
IS 532,0.25,0.0,,,,,,,,,,
IS 542,0.16999999999999993,0.0,,,,,,,,,,
IS 543,0.43000000000000016,0.0,,,,,,,,,,
IS 555,0.1499999999999999,0.0,,,,,,,,,,
IS 561,0.206666666666667,0.0,,,,,,,,,,
IS 562,0.10999999999999988,1.0,IS 501,,,,,,,,,
IS 567,0.10000000000000009,0.0,,,,,,,,,,
IS 590,0.254,0.0,,,,,,,,,,
ITAL 103,0.6800000000000002,1.0,ITAL 102,,,,,,,,,
ITAL 156,0.4900000000000002,0.0,,,,,,,,,,
ITAL 240,0.31999999999999984,0.0,,,,,,,,,,
ITAL 470,0.27,0.0,,,,,,,,,,
JOUR 199,1.0299999999999998,0.0,,,,,,,,,,
JOUR 200,0.4850000000000003,0.0,,,,,,,,,,
JOUR 205,0.6800000000000002,0.0,,,,,,,,,,
JOUR 250,0.3500000000000001,0.0,,,,,,,,,,
JOUR 293,0.3999999999999999,0.0,,,,,,,,,,
JOUR 311,0.5,0.0,,,,,,,,,,
JOUR 360,0.1499999999999999,0.0,,,,,,,,,,
JOUR 450,0.31000000000000005,0.0,,,,,,,,,,
KIN 100,0.4933333333333336,0.0,,,,,,,,,,
KIN 102,0.06000000000000005,0.0,,,,,,,,,,
KIN 103,0.07000000000000028,0.0,,,,,,,,,,
KIN 104,0.3783333333333334,0.0,,,,,,,,,,
KIN 107,0.14000000000000012,0.0,,,,,,,,,,
KIN 109,0.2400000000000002,0.0,,,,,,,,,,
KIN 122,0.8633333333333333,0.0,,,,,,,,,,
KIN 125,0.1499999999999999,0.0,,,,,,,,,,
KIN 140,1.19,0.0,,,,,,,,,,
KIN 142,0.3150000000000004,0.0,,,,,,,,,,
KIN 150,0.9100000000000001,0.0,,,,,,,,,,
KIN 201,0.45999999999999996,0.0,,,,,,,,,,
KIN 247,0.31499999999999995,0.0,,,,,,,,,,
KIN 249,0.2400000000000002,0.0,,,,,,,,,,
KIN 259,0.5800000000000001,0.0,,,,,,,,,,
KIN 262,0.8900000000000001,0.0,,,,,,,,,,
KIN 268,0.20000000000000018,0.0,,,,,,,,,,
KIN 340,0.48,2.0,KIN 140,PSYC 100,,,,,,,,
KIN 352,1.04,0.0,,,,,,,,,,
KIN 355,0.6099999999999999,0.0,,,,,,,,,,
KIN 369,0.6299999999999999,0.0,,,,,,,,,,
KIN 387,0.16999999999999993,0.0,,,,,,,,,,
KIN 401,0.33999999999999986,2.0,KIN 140,KIN 150,,,,,,,,
KIN 448,0.4500000000000002,0.0,,,,,,,,,,
KIN 453,0.2200000000000002,0.0,,,,,,,,,,
KIN 494,0.10999999999999988,0.0,,,,,,,,,,
LA 101,0.7999999999999998,0.0,,,,,,,,,,
LA 250,0.7799999999999998,2.0,GEOL 100,GEOG 103,,,,,,,,
LA 280,0.6400000000000001,1.0,LA 233,,,,,,,,,
LA 346,0.48,0.0,,,,,,,,,,
LAS 101,0.3128947368421051,0.0,,,,,,,,,,
LAS 102,0.16999999999999993,0.0,,,,,,,,,,
LAS 199,0.6399999999999997,0.0,,,,,,,,,,
LAST 170,1.0619999999999998,0.0,,,,,,,,,,
LAW 301,0.20999999999999996,0.0,,,,,,,,,,
LAW 501,0.5949999999999998,0.0,,,,,,,,,,
LAW 601,0.7999999999999998,0.0,,,,,,,,,,
LAW 602,0.8049999999999997,0.0,,,,,,,,,,
LAW 603,0.8199999999999998,0.0,,,,,,,,,,
LAW 604,0.8066666666666666,0.0,,,,,,,,,,
LAW 605,0.5899999999999999,0.0,,,,,,,,,,
LAW 607,0.81,0.0,,,,,,,,,,
LAW 609,0.7840000000000003,0.0,,,,,,,,,,
LAW 615,0.5899999999999999,0.0,,,,,,,,,,
LAW 627,0.7899999999999996,0.0,,,,,,,,,,
LAW 631,0.6099999999999999,0.0,,,,,,,,,,
LAW 633,0.605,0.0,,,,,,,,,,
LAW 638,0.6200000000000001,0.0,,,,,,,,,,
LAW 647,0.5299999999999998,0.0,,,,,,,,,,
LAW 667,0.5299999999999998,0.0,,,,,,,,,,
LAW 668,0.5899999999999999,0.0,,,,,,,,,,
LAW 680,0.5899999999999999,0.0,,,,,,,,,,
LAW 682,0.6100000000000003,0.0,,,,,,,,,,
LAW 694,0.5299999999999998,1.0,LAW 682,,,,,,,,,
LAW 792,0.6000000000000001,0.0,,,,,,,,,,
LAW 796,0.7400000000000002,0.0,,,,,,,,,,
LER 100,1.6600000000000001,0.0,,,,,,,,,,
LER 110,1.9,0.0,,,,,,,,,,
LER 522,0.04999999999999982,2.0,LER 547,LER 591,,,,,,,,
LER 523,0.31000000000000005,0.0,,,,,,,,,,
LER 543,0.16999999999999993,0.0,,,,,,,,,,
LER 561,0.08999999999999986,0.0,,,,,,,,,,
LER 565,0.21999999999999975,0.0,,,,,,,,,,
LER 570,0.10999999999999988,0.0,,,,,,,,,,
LER 590,0.24399999999999977,0.0,,,,,,,,,,
LER 591,0.29666666666666686,0.0,,,,,,,,,,
LER 593,0.16000000000000014,0.0,,,,,,,,,,
LER 595,0.29000000000000004,0.0,,,,,,,,,,
LING 100,0.6299999999999999,0.0,,,,,,,,,,
LING 111,0.7799999999999998,0.0,,,,,,,,,,
LING 115,0.41000000000000014,0.0,,,,,,,,,,
LING 210,0.5299999999999998,0.0,,,,,,,,,,
LING 225,0.7200000000000002,0.0,,,,,,,,,,
LING 250,0.41999999999999993,0.0,,,,,,,,,,
LING 270,0.43999999999999995,1.0,LING 100,,,,,,,,,
LING 301,1.35,1.0,LING 100,,,,,,,,,
LING 307,1.5,1.0,LING 100,,,,,,,,,
LING 400,0.5,0.0,,,,,,,,,,
LING 401,1.0699999999999998,0.0,,,,,,,,,,
LING 402,0.79,0.0,,,,,,,,,,
LING 450,0.3999999999999999,0.0,,,,,,,,,,
LLS 100,0.815,0.0,,,,,,,,,,
LLS 220,0.81,0.0,,,,,,,,,,
LLS 235,0.48,0.0,,,,,,,,,,
LLS 242,1.1099999999999999,0.0,,,,,,,,,,
LLS 320,0.8799999999999999,2.0,LLS 100,SOC 100,,,,,,,,
LLS 360,1.0299999999999998,0.0,,,,,,,,,,
LLS 392,0.18999999999999995,0.0,,,,,,,,,,
MACS 100,0.44666666666666677,0.0,,,,,,,,,,
MACS 101,0.27181818181818196,0.0,,,,,,,,,,
MACS 203,0.6200000000000001,0.0,,,,,,,,,,
MACS 261,1.23,0.0,,,,,,,,,,
MACS 264,0.7400000000000002,0.0,,,,,,,,,,
MACS 282,0.16000000000000014,0.0,,,,,,,,,,
MACS 317,0.8599999999999999,0.0,,,,,,,,,,
MACS 320,0.73,0.0,,,,,,,,,,
MACS 326,0.6800000000000002,0.0,,,,,,,,,,
MACS 351,0.9900000000000002,0.0,,,,,,,,,,
MACS 356,1.06,0.0,,,,,,,,,,
MATH 101,1.54,0.0,,,,,,,,,,
MATH 103,0.8399999999999999,2.0,MATH 112,MATH 012,,,,,,,,
MATH 112,1.623333333333333,0.0,,,,,,,,,,
MATH 115,1.5066666666666668,0.0,,,,,,,,,,
MATH 119,0.69,0.0,,,,,,,,,,
MATH 124,1.25,2.0,MATH 112,MATH 012,,,,,,,,
MATH 125,0.96,2.0,MATH 112,MATH 012,,,,,,,,
MATH 181,1.0099999999999998,0.0,,,,,,,,,,
MATH 199,0.2999999999999998,0.0,,,,,,,,,,
MATH 213,1.0500000000000003,2.0,MATH 220,MATH 221,,,,,,,,
MATH 220,1.295,0.0,,,,,,,,,,
MATH 221,1.1400000000000001,0.0,,,,,,,,,,
MATH 225,1.3399999999999999,2.0,MATH 220,MATH 221,,,,,,,,
MATH 231,1.2000000000000002,2.0,MATH 220,MATH 221,,,,,,,,
MATH 241,1.1212499999999999,1.0,MATH 231,,,,,,,,,
MATH 285,0.9933333333333336,1.0,MATH 241,,,,,,,,,
MATH 286,0.7450000000000001,1.0,MATH 241,,,,,,,,,
MATH 299,1.085,2.0,MATH 220,MATH 221,,,,,,,,
MATH 347,0.8666666666666667,1.0,MATH 231,,,,,,,,,
MATH 412,1.3599999999999999,3.0,MATH 347,MATH 348,CS 374,,,,,,,
MATH 413,0.7599999999999998,2.0,MATH 347,MATH 348,,,,,,,,
MATH 415,1.0125000000000002,1.0,MATH 241,,,,,,,,,
MATH 416,1.1133333333333333,2.0,MATH 241,MATH 347,,,,,,,,
MATH 417,0.71,6.0,MATH 416,MATH 410,MATH 415,MATH 347,MATH 348,CS 374,,,,
MATH 424,0.31000000000000005,2.0,MATH 347,MATH 416,,,,,,,,
MATH 427,0.5499999999999998,0.0,,,,,,,,,,
MATH 441,1.0466666666666669,3.0,MATH 241,MATH 347,MATH 348,,,,,,,
MATH 442,1.0299999999999998,4.0,MATH 284,MATH 285,MATH 286,MATH 441,,,,,,
MATH 444,0.7799999999999998,3.0,MATH 241,MATH 347,MATH 348,,,,,,,
MATH 446,0.6000000000000001,1.0,MATH 241,,,,,,,,,
MATH 447,0.7999999999999998,3.0,MATH 241,MATH 347,MATH 348,,,,,,,
MATH 448,0.73,1.0,MATH 447,,,,,,,,,
MATH 453,0.5049999999999999,1.0,MATH 241,,,,,,,,,
MATH 461,1.5499999999999998,1.0,MATH 241,,,,,,,,,
MATH 482,0.5499999999999998,3.0,MATH 410,MATH 415,MATH 416,,,,,,,
MATH 484,1.1800000000000002,4.0,MATH 241,MATH 347,MATH 348,MATH 415,,,,,,
MATH 500,0.33999999999999986,2.0,MATH 417,MATH 418,,,,,,,,
MATH 518,0.5699999999999998,2.0,MATH 423,MATH 481,,,,,,,,
MATH 540,0.3799999999999999,1.0,MATH 447,,,,,,,,,
MATH 564,0.1200000000000001,2.0,MATH 446,MATH 447,,,,,,,,
MBA 501,0.39749999999999996,0.0,,,,,,,,,,
MBA 502,0.15399999999999991,0.0,,,,,,,,,,
MBA 543,0.18000000000000016,0.0,,,,,,,,,,
MBA 544,0.2200000000000002,0.0,,,,,,,,,,
MBA 548,0.20000000000000018,0.0,,,,,,,,,,
MBA 553,0.33999999999999986,0.0,,,,,,,,,,
MBA 592,0.08999999999999986,0.0,,,,,,,,,,
MCB 100,0.75,1.0,MCB 100,,,,,,,,,
MCB 101,0.7650000000000001,1.0,MCB 100,,,,,,,,,
MCB 150,1.0693333333333332,0.0,,,,,,,,,,
MCB 151,0.10000000000000009,1.0,MCB 150,,,,,,,,,
MCB 170,0.4500000000000002,0.0,,,,,,,,,,
MCB 244,0.8999999999999999,2.0,CHEM 101,CHEM 102,,,,,,,,
MCB 245,1.6225,2.0,CHEM 101,CHEM 102,,,,,,,,
MCB 250,1.1999999999999997,3.0,MCB 150,CHEM 102,CHEM 104,,,,,,,
MCB 251,0.36857142857142833,1.0,MCB 250,,,,,,,,,
MCB 252,0.7199999999999998,1.0,MCB 250,,,,,,,,,
MCB 253,0.27,1.0,MCB 252,,,,,,,,,
MCB 300,0.9500000000000002,2.0,MCB 250,MCB 252,,,,,,,,
MCB 301,0.8766666666666665,2.0,MCB 250,MCB 300,,,,,,,,
MCB 314,1.4500000000000002,0.0,,,,,,,,,,
MCB 354,1.1879999999999997,4.0,CHEM 232,CHEM 236,MCB 250,MCB 252,,,,,,
MCB 400,0.8999999999999999,6.0,MCB 250,MCB 251,MCB 252,MCB 253,MCB 354,MCB 450,,,,
MCB 401,0.7000000000000002,1.0,MCB 252,,,,,,,,,
MCB 413,0.7599999999999998,1.0,MCB 252,,,,,,,,,
MCB 428,0.4450000000000003,2.0,MCB 300,MCB 301,,,,,,,,
MCB 436,0.16000000000000014,1.0,MCB 150,,,,,,,,,
MCB 450,1.0699999999999998,2.0,CHEM 232,CHEM 236,,,,,,,,
MCB 461,0.43999999999999995,2.0,MCB 252,MCB 250,,,,,,,,
MCB 471,0.3700000000000001,2.0,MCB 250,MCB 252,,,,,,,,
MCB 501,0.6600000000000001,0.0,,,,,,,,,,
MCB 502,0.56,0.0,,,,,,,,,,
MDIA 100,0.73,0.0,,,,,,,,,,
ME 170,0.20000000000000018,0.0,,,,,,,,,,
ME 199,0.20999999999999996,0.0,,,,,,,,,,
ME 200,0.915,1.0,MATH 241,,,,,,,,,
ME 270,0.20000000000000018,1.0,ME 170,,,,,,,,,
ME 310,0.9900000000000002,4.0,MATH 285,MATH 286,MATH 441,ME 200,,,,,,
ME 320,0.9500000000000002,6.0,MATH 285,MATH 286,MATH 441,ME 310,TAM 335,ME 200,,,,
ME 330,0.7000000000000002,2.0,CHEM 102,TAM 251,,,,,,,,
ME 340,0.27,6.0,MATH 285,MATH 286,MATH 441,TAM 212,ECE 205,MATH 415,,,,
ME 360,0.7249999999999996,1.0,ME 340,,,,,,,,,
ME 370,0.3333333333333335,3.0,ME 270,TAM 212,TAM 251,,,,,,,
ME 371,0.3200000000000003,3.0,ME 330,CEE 300,ME 370,,,,,,,
ME 420,0.20000000000000018,3.0,ME 310,TAM 335,ME 320,,,,,,,
ME 430,0.5899999999999999,2.0,ME 330,TAM 324,,,,,,,,
ME 432,0.43000000000000016,2.0,PHYS 212,ME 330,,,,,,,,
ME 451,0.6400000000000001,1.0,ME 270,,,,,,,,,
ME 461,0.08000000000000007,2.0,ME 360,ABE 425,,,,,,,,
ME 470,0.1499999999999999,0.0,,,,,,,,,,
ME 471,0.9900000000000002,3.0,CS 101,ME 371,TAM 470,,,,,,,
ME 482,0.2599999999999998,1.0,TAM 251,,,,,,,,,
ME 487,0.56,1.0,PHYS 212,,,,,,,,,
MILS 120,0.96,0.0,,,,,,,,,,
MSE 101,0.2200000000000002,0.0,,,,,,,,,,
MSE 182,0.33000000000000007,0.0,,,,,,,,,,
MSE 201,0.73,4.0,MSE 182,CHEM 104,MATH 231,PHYS 211,,,,,,
MSE 280,0.43000000000000016,2.0,CHEM 102,PHYS 211,,,,,,,,
MSE 307,0.27,2.0,MSE 201,MSE 401,,,,,,,,
MSE 401,0.9700000000000002,3.0,MSE 201,MSE 280,MATH 285,,,,,,,
MSE 403,0.71,2.0,MSE 201,MSE 401,,,,,,,,
MSE 406,1.12,2.0,MSE 206,MSE 201,,,,,,,,
MSE 421,0.81,1.0,MSE 420,,,,,,,,,
MSE 440,0.96,1.0,MSE 406,,,,,,,,,
MSE 456,0.9900000000000002,4.0,AE 321,CEE 300,ME 330,MSE 206,,,,,,
MSE 457,0.71,1.0,CHEM 232,,,,,,,,,
MSE 470,0.33000000000000007,3.0,MCB 252,CHEM 232,MSE 403,,,,,,,
MSE 480,0.43999999999999995,1.0,MSE 401,,,,,,,,,
MSE 500,0.43000000000000016,1.0,MSE 401,,,,,,,,,
MUS 103,0.8799999999999999,0.0,,,,,,,,,,
MUS 105,0.9199999999999999,2.0,CS 125,MUS 101,,,,,,,,
MUS 110,0.41999999999999993,0.0,,,,,,,,,,
MUS 130,0.77,0.0,,,,,,,,,,
MUS 133,0.585,0.0,,,,,,,,,,
MUS 240,0.3900000000000001,0.0,,,,,,,,,,
MUS 243,0.16999999999999993,1.0,MUS 240,,,,,,,,,
MUS 261,0.2400000000000002,0.0,,,,,,,,,,
MUS 268,0.029999999999999805,0.0,,,,,,,,,,
MUS 269,0.040000000000000036,0.0,,,,,,,,,,
MUS 313,0.9700000000000002,1.0,MUS 110,,,,,,,,,
MUS 343,0.3599999999999999,1.0,MUS 240,,,,,,,,,
MUS 350,0.7000000000000002,3.0,MUS 240,MUS 342,MUS 343,,,,,,,
MUS 407,0.43999999999999995,0.0,,,,,,,,,,
MUS 408,0.48,2.0,MUS 202,MUS 208,,,,,,,,
MUS 418,0.41999999999999993,3.0,MUS 313,MUS 314,MUS 528,,,,,,,
MUS 443,0.33000000000000007,0.0,,,,,,,,,,
MUS 447,0.04999999999999982,2.0,MUS 240,MUS 243,,,,,,,,
MUS 450,0.06999999999999984,0.0,,,,,,,,,,
MUS 499,0.43999999999999995,0.0,,,,,,,,,,
MUS 501,0.14000000000000012,0.0,,,,,,,,,,
MUS 502,0.5800000000000001,0.0,,,,,,,,,,
NPRE 100,0.5099999999999998,0.0,,,,,,,,,,
NPRE 201,0.73,7.0,MATH 220,MATH 221,PHYS 101,PHYS 211,CHEM 104,CHEM 204,ME 200,,,
NPRE 402,0.4500000000000002,0.0,,,,,,,,,,
NPRE 431,1.02,0.0,,,,,,,,,,
NPRE 446,1.1,2.0,MATH 285,ME 200,,,,,,,,
NPRE 448,1.2000000000000002,3.0,MATH 285,ME 200,NPRE 455,,,,,,,
NPRE 457,0.16999999999999993,2.0,NPRE 402,NPRE 247,,,,,,,,
NPRE 481,0.5499999999999998,0.0,,,,,,,,,,
NRES 100,0.3500000000000001,0.0,,,,,,,,,,
NRES 102,0.875,0.0,,,,,,,,,,
NRES 103,1.1400000000000001,0.0,,,,,,,,,,
NRES 201,1.2999999999999998,3.0,MATH 115,MATH 234,CHEM 102,,,,,,,
NRES 219,0.96,0.0,,,,,,,,,,
NRES 348,0.8199999999999998,2.0,IB 203,NRES 219,,,,,,,,
NRES 401,0.6299999999999999,1.0,CHEM 102,,,,,,,,,
NRES 409,0.8500000000000001,1.0,NRES 348,,,,,,,,,
NRES 415,0.9500000000000002,0.0,,,,,,,,,,
NRES 419,1.0299999999999998,5.0,NRES 219,LA 450,IB 103,CHEM 104,NRES 201,,,,,
NRES 424,0.48,0.0,,,,,,,,,,
NRES 454,1.19,0.0,,,,,,,,,,
NRES 472,0.75,0.0,,,,,,,,,,
NUTR 510,0.41000000000000014,0.0,,,,,,,,,,
NUTR 561,0.16999999999999993,0.0,,,,,,,,,,
PHIL 101,0.8559999999999999,0.0,,,,,,,,,,
PHIL 102,1.0033333333333334,0.0,,,,,,,,,,
PHIL 103,1.2000000000000002,0.0,,,,,,,,,,
PHIL 107,0.2799999999999998,0.0,,,,,,,,,,
PHIL 202,0.9300000000000002,0.0,,,,,,,,,,
PHIL 203,1.2799999999999998,0.0,,,,,,,,,,
PHIL 206,1.0099999999999998,0.0,,,,,,,,,,
PHIL 214,0.5800000000000001,0.0,,,,,,,,,,
PHIL 250,0.75,0.0,,,,,,,,,,
PHIL 380,1.0299999999999998,0.0,,,,,,,,,,
PHIL 421,0.33999999999999986,0.0,,,,,,,,,,
PHIL 436,0.3700000000000001,0.0,,,,,,,,,,
PHYS 100,0.6749999999999998,2.0,MATH 220,MATH 221,,,,,,,,
PHYS 101,1.165,0.0,,,,,,,,,,
PHYS 102,1.2349999999999999,1.0,PHYS 101,,,,,,,,,
PHYS 211,0.9466666666666668,1.0,MATH 231,,,,,,,,,
PHYS 212,1.2974999999999999,2.0,PHYS 211,MATH 241,,,,,,,,
PHYS 213,1.0350000000000001,2.0,PHYS 211,MATH 241,,,,,,,,
PHYS 214,1.105,1.0,PHYS 212,,,,,,,,,
PHYS 225,1.04,1.0,PHYS 212,,,,,,,,,
PHYS 325,0.8999999999999999,2.0,PHYS 225,MATH 285,,,,,,,,
PHYS 326,1.13,1.0,PHYS 325,,,,,,,,,
PHYS 401,1.4700000000000002,1.0,PHYS 325,,,,,,,,,
PHYS 402,0.45999999999999996,3.0,MATH 285,PHYS 102,PHYS 214,,,,,,,
PHYS 427,0.7999999999999998,3.0,PHYS 213,PHYS 214,PHYS 325,,,,,,,
PHYS 435,0.79,2.0,MATH 285,PHYS 325,,,,,,,,
PHYS 436,0.2999999999999998,1.0,PHYS 435,,,,,,,,,
PHYS 460,0.79,3.0,PHYS 435,PHYS 485,PHYS 486,,,,,,,
PHYS 485,0.6299999999999999,2.0,MATH 285,PHYS 214,,,,,,,,
PHYS 486,0.98,3.0,MATH 285,PHYS 214,MATH 415,,,,,,,
PHYS 487,0.8599999999999999,1.0,PHYS 486,,,,,,,,,
PHYS 580,0.8900000000000001,2.0,PHYS 485,PHYS 487,,,,,,,,
PHYS 582,0.73,1.0,PHYS 581,,,,,,,,,
PLPA 200,0.20000000000000018,1.0,RHET 105,,,,,,,,,
PS 100,0.8500000000000001,0.0,,,,,,,,,,
PS 101,0.6600000000000001,0.0,,,,,,,,,,
PS 170,0.43999999999999995,0.0,,,,,,,,,,
PS 201,0.6299999999999999,0.0,,,,,,,,,,
PS 220,1.2400000000000002,2.0,PS 100,PS 101,,,,,,,,
PS 225,1.48,0.0,,,,,,,,,,
PS 230,0.8700000000000001,2.0,PS 100,PS 101,,,,,,,,
PS 240,1.19,0.0,,,,,,,,,,
PS 241,0.8333333333333335,0.0,,,,,,,,,,
PS 270,0.9199999999999999,0.0,,,,,,,,,,
PS 280,0.8500000000000001,0.0,,,,,,,,,,
PS 301,0.6800000000000002,1.0,PS 101,,,,,,,,,
PS 303,0.5499999999999998,1.0,PS 101,,,,,,,,,
PS 320,0.73,1.0,PS 101,,,,,,,,,
PS 321,1.0899999999999999,1.0,PS 101,,,,,,,,,
PS 348,0.8700000000000001,2.0,PS 240,PS 241,,,,,,,,
PS 390,0.45999999999999996,2.0,PS 280,PS 283,,,,,,,,
PS 398,1.3599999999999999,2.0,PS 280,PS 281,,,,,,,,
PSM 501,0.1200000000000001,0.0,,,,,,,,,,
PSYC 100,0.927741935483871,0.0,,,,,,,,,,
PSYC 201,1.189,2.0,PSYC 100,PSYC 103,,,,,,,,
PSYC 204,0.5699999999999998,3.0,PSYC 100,PSYC 103,PSYC 105,,,,,,,
PSYC 210,1.31,2.0,PSYC 100,PSYC 103,,,,,,,,
PSYC 216,1.1,2.0,PSYC 100,PSYC 103,,,,,,,,
PSYC 224,1.1099999999999999,2.0,PSYC 100,PSYC 103,,,,,,,,
PSYC 230,0.5699999999999998,0.0,,,,,,,,,,
PSYC 235,1.19,2.0,PSYC 100,PSYC 103,,,,,,,,
PSYC 238,0.9012500000000001,2.0,PSYC 100,PSYC 103,,,,,,,,
PSYC 239,0.3900000000000001,2.0,PSYC 100,PSYC 103,,,,,,,,
PSYC 245,0.7999999999999998,2.0,PSYC 100,PSYC 103,,,,,,,,
PSYC 248,0.8500000000000001,2.0,PSYC 100,PSYC 103,,,,,,,,
PSYC 250,1.12,2.0,PSYC 100,PSYC 103,,,,,,,,
PSYC 312,0.6699999999999999,1.0,PSYC 100,,,,,,,,,
PSYC 324,1.0499999999999998,3.0,PSYC 100,PSYC 216,PSYC 238,,,,,,,
PSYC 333,0.96,3.0,PSYC 201,PSYC 235,SOC 280,,,,,,,
PSYC 350,0.5699999999999998,2.0,PSYC 235,PSYC 250,,,,,,,,
PSYC 353,0.81,2.0,PSYC 201,PSYC 235,,,,,,,,
PSYC 363,0.8300000000000001,2.0,PSYC 216,PSYC 235,,,,,,,,
PSYC 403,0.56,2.0,PSYC 210,PSYC 224,,,,,,,,
PSYC 408,0.2799999999999998,1.0,PSYC 100,,,,,,,,,
PSYC 417,0.81,1.0,PSYC 100,,,,,,,,,
PSYC 425,1.06,0.0,,,,,,,,,,
PSYC 433,1.3199999999999998,2.0,IB 150,PSYC 210,,,,,,,,
PSYC 450,0.43999999999999995,2.0,PSYC 224,PSYC 210,,,,,,,,
PSYC 453,0.75,4.0,PSYC 210,PSYC 220,PSYC 224,PSYC 230,,,,,,
PSYC 468,0.5,0.0,,,,,,,,,,
PSYC 475,0.020000000000000018,3.0,PSYC 235,PSYC 245,BADM 313,,,,,,,
PSYC 496,0.33499999999999996,1.0,PSYC 100,,,,,,,,,
PSYC 506,0.020000000000000018,0.0,,,,,,,,,,
PSYC 594,0.029999999999999805,3.0,PSYC 407,EPSY 581,EPSY 582,,,,,,,
REHB 330,0.6099999999999999,0.0,,,,,,,,,,
REHB 402,0.6200000000000001,0.0,,,,,,,,,,
REL 101,0.8500000000000001,0.0,,,,,,,,,,
REL 104,0.6816666666666666,0.0,,,,,,,,,,
REL 108,0.10000000000000009,0.0,,,,,,,,,,
REL 110,0.3364285714285713,0.0,,,,,,,,,,
REL 231,0.8700000000000001,0.0,,,,,,,,,,
REL 236,1.0899999999999999,0.0,,,,,,,,,,
RHET 233,0.41999999999999993,0.0,,,,,,,,,,
RST 100,0.7200000000000002,0.0,,,,,,,,,,
RST 101,0.3700000000000001,0.0,,,,,,,,,,
RST 130,1.23,0.0,,,,,,,,,,
RST 150,0.79,0.0,,,,,,,,,,
RST 199,0.6400000000000001,0.0,,,,,,,,,,
RST 200,0.6150000000000002,0.0,,,,,,,,,,
RST 210,0.81,0.0,,,,,,,,,,
RST 230,0.48,0.0,,,,,,,,,,
RST 242,0.28000000000000025,0.0,,,,,,,,,,
RST 255,0.7800000000000002,0.0,,,,,,,,,,
RST 260,0.8300000000000001,0.0,,,,,,,,,,
RST 316,0.77,1.0,RST 100,,,,,,,,,
RST 325,1.1600000000000001,0.0,,,,,,,,,,
RST 335,0.7400000000000002,0.0,,,,,,,,,,
RST 340,0.25,2.0,RST 100,RST 110,,,,,,,,
RST 354,1.0,0.0,,,,,,,,,,
RST 370,0.8599999999999999,0.0,,,,,,,,,,
RST 410,1.25,3.0,RST 210,RST 240,RST 325,,,,,,,
RST 429,0.7400000000000002,3.0,RST 120,RST 130,RST 150,,,,,,,
RST 430,0.54,2.0,RST 130,RST 354,,,,,,,,
RST 460,0.3599999999999999,3.0,RST 210,RST 240,RST 325,,,,,,,
RST 465,0.6699999999999999,1.0,RST 460,,,,,,,,,
RST 480,0.41000000000000014,2.0,RST 100,RST 101,,,,,,,,
SBC 500,0.06999999999999984,0.0,,,,,,,,,,
SBC 501,0.3900000000000001,0.0,,,,,,,,,,
SBC 502,0.18999999999999995,0.0,,,,,,,,,,
SBC 511,0.2200000000000002,0.0,,,,,,,,,,
SBC 512,0.1299999999999999,1.0,SBC 511,,,,,,,,,
SCAN 251,0.6040000000000001,0.0,,,,,,,,,,
SCAN 252,0.41000000000000014,0.0,,,,,,,,,,
SE 100,0.20000000000000018,0.0,,,,,,,,,,
SE 261,0.5099999999999998,0.0,,,,,,,,,,
SE 310,0.9500000000000002,3.0,CS 101,TAM 212,TAM 251,,,,,,,
SE 320,0.6299999999999999,4.0,CS 101,MATH 285,TAM 212,ECE 211,,,,,,
SE 361,0.5800000000000001,0.0,,,,,,,,,,
SE 400,0.43000000000000016,1.0,RHET 105,,,,,,,,,
SE 402,0.43000000000000016,2.0,SE 101,SE 311,,,,,,,,
SE 410,0.9500000000000002,2.0,SE 311,SE 320,,,,,,,,
SE 420,0.4900000000000002,1.0,SE 320,,,,,,,,,
SE 450,0.7400000000000002,1.0,IE 300,,,,,,,,,
SE 494,0.18999999999999995,8.0,SE 261,SE 390,SE 311,IE 300,IE 310,TAM 335,IE 310,IE 311,,
SE 495,0.14000000000000012,1.0,SE 494,,,,,,,,,
SHS 120,0.43166666666666664,0.0,,,,,,,,,,
SHS 121,0.18999999999999995,0.0,,,,,,,,,,
SHS 170,0.3799999999999999,0.0,,,,,,,,,,
SHS 221,0.75,1.0,SHS 121,,,,,,,,,
SHS 222,0.2749999999999999,0.0,,,,,,,,,,
SHS 280,0.9199999999999999,0.0,,,,,,,,,,
SHS 300,0.6600000000000001,0.0,,,,,,,,,,
SHS 320,0.6000000000000001,0.0,,,,,,,,,,
SHS 333,0.4900000000000002,0.0,,,,,,,,,,
SHS 375,0.17999999999999972,0.0,,,,,,,,,,
SHS 450,0.3799999999999999,0.0,,,,,,,,,,
SHS 451,0.2200000000000002,0.0,,,,,,,,,,
SHS 470,0.16999999999999993,2.0,SHS 300,SHS 301,,,,,,,,
SHS 511,0.22999999999999998,3.0,SHS 300,SHS 301,SHS 411,,,,,,,
SHS 532,0.04999999999999982,1.0,SHS 320,,,,,,,,,
SHS 534,0.22999999999999998,1.0,SHS 470,,,,,,,,,
SHS 572,0.27,0.0,,,,,,,,,,
SLAV 117,0.29000000000000004,0.0,,,,,,,,,,
SOC 100,0.7076470588235293,0.0,,,,,,,,,,
SOC 101,0.81,0.0,,,,,,,,,,
SOC 160,0.96,0.0,,,,,,,,,,
SOC 162,1.3199999999999998,0.0,,,,,,,,,,
SOC 163,0.7799999999999998,0.0,,,,,,,,,,
SOC 200,0.6099999999999999,0.0,,,,,,,,,,
SOC 225,0.41999999999999993,3.0,SOC 100,SOC 101,SOC 163,,,,,,,
SOC 270,1.37,0.0,,,,,,,,,,
SOC 275,0.5700000000000003,3.0,SOC 100,SOC 101,SOC 163,,,,,,,
SOC 280,1.2400000000000002,0.0,,,,,,,,,,
SOC 310,0.43000000000000016,3.0,SOC 100,SOC 101,SOC 163,,,,,,,
SOC 378,0.8900000000000001,0.0,,,,,,,,,,
SOC 380,0.69,4.0,SOC 280,SOC 100,SOC 101,SOC 163,,,,,,
SOCW 101,0.5099999999999998,0.0,,,,,,,,,,
SOCW 200,0.8000000000000003,0.0,,,,,,,,,,
SOCW 225,0.5899999999999999,0.0,,,,,,,,,,
SOCW 240,0.8849999999999998,0.0,,,,,,,,,,
SOCW 297,0.029999999999999805,0.0,,,,,,,,,,
SOCW 300,0.4750000000000001,0.0,,,,,,,,,,
SOCW 360,0.33999999999999986,0.0,,,,,,,,,,
SOCW 400,0.1499999999999999,0.0,,,,,,,,,,
SOCW 401,0.27,1.0,SOCW 200,,,,,,,,,
SOCW 402,0.4500000000000002,1.0,SOCW 401,,,,,,,,,
SOCW 403,0.2400000000000002,1.0,SOCW 401,,,,,,,,,
SOCW 410,0.20999999999999996,0.0,,,,,,,,,,
SOCW 416,0.43999999999999995,0.0,,,,,,,,,,
SOCW 420,0.22999999999999998,0.0,,,,,,,,,,
SOCW 427,0.3174999999999999,0.0,,,,,,,,,,
SOCW 451,0.48,0.0,,,,,,,,,,
SOCW 455,0.06000000000000005,0.0,,,,,,,,,,
SOCW 461,0.1499999999999999,1.0,SOCW 401,,,,,,,,,
SOCW 505,0.08999999999999986,1.0,SOCW 400,,,,,,,,,
SOCW 509,0.029999999999999805,2.0,SOCW 400,SOCW 552,,,,,,,,
SOCW 541,0.10000000000000009,1.0,SOCW 427,,,,,,,,,
SOCW 542,0.4900000000000002,1.0,SOCW 427,,,,,,,,,
SOCW 552,0.18999999999999995,1.0,SOCW 451,,,,,,,,,
SOCW 554,0.1499999999999999,1.0,SOCW 451,,,,,,,,,
SOCW 561,0.10999999999999988,0.0,,,,,,,,,,
SOCW 589,0.2400000000000002,0.0,,,,,,,,,,
SPAN 246,0.6400000000000001,0.0,,,,,,,,,,
SPAN 307,0.2999999999999998,1.0,SPAN 252,,,,,,,,,
SPAN 308,0.5099999999999998,1.0,SPAN 228,,,,,,,,,
SPED 117,0.29499999999999993,0.0,,,,,,,,,,
SPED 405,0.19500000000000028,0.0,,,,,,,,,,
SPED 444,0.10000000000000009,0.0,,,,,,,,,,
SPED 446,0.06999999999999984,0.0,,,,,,,,,,
SPED 450,0.22999999999999998,0.0,,,,,,,,,,
SPED 461,0.1200000000000001,1.0,SPED 440,,,,,,,,,
SPED 470,0.029999999999999805,0.0,,,,,,,,,,
SPED 471,0.1200000000000001,1.0,SPED 470,,,,,,,,,
SPED 517,0.2599999999999998,0.0,,,,,,,,,,
STAT 100,0.81,1.0,MATH 112,,,,,,,,,
STAT 107,0.48,0.0,,,,,,,,,,
STAT 200,0.5442857142857145,0.0,,,,,,,,,,
STAT 212,0.355,0.0,,,,,,,,,,
STAT 385,0.29499999999999993,2.0,STAT 200,STAT 212,,,,,,,,
STAT 400,0.8624999999999998,1.0,MATH 241,,,,,,,,,
STAT 409,0.75,1.0,STAT 408,,,,,,,,,
STAT 410,0.8533333333333335,3.0,STAT 400,STAT 100,MATH 461,,,,,,,
STAT 420,0.5225,3.0,STAT 408,STAT 400,MATH 231,,,,,,,
STAT 425,0.4750000000000001,1.0,STAT 410,,,,,,,,,
STAT 428,0.6949999999999998,1.0,STAT 410,,,,,,,,,
STAT 429,0.9100000000000001,1.0,STAT 410,,,,,,,,,
STAT 430,0.6150000000000002,2.0,STAT 410,STAT 420,,,,,,,,
STAT 432,0.27500000000000036,3.0,STAT 400,STAT 420,STAT 425,,,,,,,
STAT 433,0.29000000000000004,3.0,STAT 400,STAT 410,MATH 225,,,,,,,
STAT 434,0.5099999999999998,3.0,STAT 410,STAT 420,STAT 420,,,,,,,
STAT 440,0.18500000000000005,2.0,STAT 400,STAT 409,,,,,,,,
STAT 443,0.5299999999999998,1.0,STAT 420,,,,,,,,,
STAT 448,0.19500000000000028,3.0,STAT 400,STAT 409,STAT 410,,,,,,,
STAT 480,0.09499999999999975,1.0,STAT 425,,,,,,,,,
STAT 510,0.54,1.0,STAT 410,,,,,,,,,
STAT 527,0.2200000000000002,2.0,STAT 410,STAT 510,,,,,,,,
STAT 542,0.06999999999999984,2.0,STAT 410,STAT 425,,,,,,,,
STAT 571,0.3999999999999999,2.0,STAT 410,MATH 415,,,,,,,,
TAM 195,0.8199999999999998,0.0,,,,,,,,,,
TAM 201,0.20000000000000018,0.0,,,,,,,,,,
TAM 210,0.7149999999999999,2.0,PHYS 211,MATH 241,,,,,,,,
TAM 211,0.915,2.0,PHYS 211,MATH 241,,,,,,,,
TAM 212,0.96,2.0,TAM 210,TAM 211,,,,,,,,
TAM 251,1.19,2.0,TAM 210,TAM 211,,,,,,,,
TAM 335,1.21,1.0,TAM 212,,,,,,,,,
TAM 461,0.41000000000000014,1.0,TAM 251,,,,,,,,,
TAM 470,0.41999999999999993,4.0,CS 101,MATH 285,MATH 286,MATH 441,,,,,,
TAM 541,0.2599999999999998,4.0,MATH 285,MATH 286,MATH 441,TAM 251,,,,,,
TE 100,0.10999999999999988,0.0,,,,,,,,,,
TE 250,0.33999999999999986,0.0,,,,,,,,,,
TE 333,0.6600000000000001,0.0,,,,,,,,,,
TE 360,0.27,0.0,,,,,,,,,,
TE 466,0.5499999999999998,0.0,,,,,,,,,,
TE 565,0.10000000000000009,1.0,STAT 400,,,,,,,,,
THEA 100,0.20500000000000007,0.0,,,,,,,,,,
THEA 101,0.4845454545454544,0.0,,,,,,,,,,
THEA 110,0.27,0.0,,,,,,,,,,
THEA 170,0.5099999999999998,0.0,,,,,,,,,,
THEA 208,0.06999999999999984,0.0,,,,,,,,,,
THEA 270,0.2799999999999998,1.0,THEA 175,,,,,,,,,
THEA 271,0.41000000000000014,1.0,THEA 175,,,,,,,,,
THEA 360,1.1099999999999999,0.0,,,,,,,,,,
THEA 595,0.2200000000000002,0.0,,,,,,,,,,
TSM 100,1.0,0.0,,,,,,,,,,
TSM 232,0.73,0.0,,,,,,,,,,
TSM 233,0.9100000000000001,0.0,,,,,,,,,,
TSM 311,0.6699999999999999,0.0,,,,,,,,,,
TSM 352,1.2200000000000002,0.0,,,,,,,,,,
TSM 372,1.21,0.0,,,,,,,,,,
TSM 422,0.8399999999999999,0.0,,,,,,,,,,
TSM 435,0.19500000000000028,0.0,,,,,,,,,,
TSM 438,0.9500000000000002,0.0,,,,,,,,,,
UP 101,0.9500000000000002,0.0,,,,,,,,,,
UP 203,0.6400000000000001,1.0,UP 101,,,,,,,,,
UP 312,1.06,0.0,,,,,,,,,,
UP 330,0.7400000000000002,0.0,,,,,,,,,,
UP 340,0.18000000000000016,0.0,,,,,,,,,,
UP 418,0.6800000000000002,0.0,,,,,,,,,,
UP 430,0.1499999999999999,0.0,,,,,,,,,,
UP 473,0.8799999999999999,0.0,,,,,,,,,,
UP 501,0.22999999999999998,0.0,,,,,,,,,,
UP 503,0.3900000000000001,0.0,,,,,,,,,,
UP 504,0.5099999999999998,0.0,,,,,,,,,,
VM 602,1.19,0.0,,,,,,,,,,
VM 605,1.35,1.0,VM 604,,,,,,,,,
VM 607,1.1400000000000001,2.0,VM 605,VM 606,,,,,,,,
VM 609,1.27,1.0,VM 608,,,,,,,,,
VM 610,1.4700000000000002,1.0,VM 609,,,,,,,,,
YDSH 220,0.1499999999999999,0.0,,,,,,,,,,
